id,name,age,gender,occupation,prefecture,lat,lng,income_jpy,wfh,n_purchases_today,spend_today_jpy
0,林 桜,55,女,会社員,千葉県,35.67722,140.26334,5770000,0,5,15281
1,佐々木 陽翔,47,男,主婦・主夫,東京都市部,35.57597,139.21579,1440000,0,2,5599
2,森 綾,19,女,販売員,神奈川県,35.40403,139.6672,2220000,0,4,5675
3,佐々木 綾,32,女,主婦・主夫,東京都23区,35.55867,139.66672,1210000,0,2,6073
4,清水 雄太,76,男,パート,千葉県,35.86666,139.95699,1800000,0,1,909
5,木村 克彦,55,男,会社員,東京都23区,35.74496,139.81628,5000000,0,5,6533
6,石川 智也,53,男,経営者・役員,東京都市部,35.56622,139.50486,19050000,0,5,45468
7,佐藤 凛,51,女,看護師,埼玉県,35.93684,139.77471,5810000,0,4,16697
8,松本 孝雄,38,男,会社員,神奈川県,35.55308,139.6491,6870000,0,7,13384
9,長谷川 大翔,51,男,会社員,東京都23区,35.79928,139.71396,5970000,0,3,5652
10,橋本 節子,74,女,退職,千葉県,35.82002,140.31331,1950000,0,3,6019
11,長谷川 彩,71,女,退職,東京都23区,35.58237,139.87941,2440000,0,2,5180
12,松本 智也,35,男,販売員,神奈川県,35.42765,139.19007,2810000,0,4,14071
13,長谷川 蓮,72,男,パート,千葉県,35.44327,140.04723,2190000,0,2,4990
14,加藤 智子,38,女,教員,茨城県,36.84432,140.39559,6070000,0,7,35013
15,山口 莉子,76,女,退職,栃木県,36.50123,139.4625,2950000,0,2,1401
16,山田 雅人,73,男,パート,茨城県,36.09522,140.51003,1030000,0,2,3783
17,長谷川 智也,70,男,退職,千葉県,35.53821,140.27435,3200000,0,2,22967
18,森 孝雄,79,男,退職,東京都市部,35.66435,139.32889,2050000,0,2,2170
19,石川 大翔,58,男,飲食店,神奈川県,35.55718,139.75269,4550000,0,5,22976
20,石川 亮,65,男,パート,神奈川県,35.37984,139.20035,940000,0,2,2322
21,井上 千尋,49,女,工場勤務,群馬県,36.99143,139.25771,5010000,0,5,10526
22,松本 彩花,35,女,会社員,東京都23区,35.59072,139.69172,3460000,0,5,45543
23,佐々木 拓海,47,男,会社員,茨城県,36.7693,140.38822,4220000,0,5,22493
24,小林 彩花,53,女,ITエンジニア,茨城県,36.0499,140.11016,9840000,1,6,57915
25,清水 杏,55,女,会社員,東京都23区,35.59114,139.5967,3450000,0,4,9607
26,前田 蓮,53,男,工場勤務,埼玉県,35.8228,139.67936,6450000,0,5,11204
27,後藤 芽依,77,女,退職,千葉県,35.92928,140.03906,1900000,0,2,6267
28,中村 杏,40,女,会社員,東京都23区,35.62551,139.77058,4170000,0,5,9590
29,山本 拓海,41,男,販売員,神奈川県,35.43891,139.38934,3780000,0,5,14640
30,渡辺 綾,64,女,パート,東京都市部,35.63463,139.44197,1630000,0,2,26028
31,山口 克彦,77,男,飲食店,神奈川県,35.45966,139.56679,3060000,0,2,4846
32,佐藤 亮,53,男,販売員,栃木県,36.47662,139.51103,2400000,0,4,26420
33,斎藤 麻衣,79,女,パート,神奈川県,35.44505,139.54039,1640000,0,3,12970
34,小林 貴志,49,男,公務員,東京都23区,35.80972,139.8593,5720000,0,7,20588
35,高橋 拓海,45,男,会社員,東京都市部,35.57929,139.23951,4440000,0,5,21107
36,田中 翔,77,男,工場勤務,埼玉県,36.0992,139.25267,2250000,0,2,1815
37,山本 ハル,77,女,退職,東京都23区,35.80182,139.65799,3620000,0,2,4294
38,佐々木 雄太,78,男,飲食店,埼玉県,36.05718,139.74895,2560000,0,2,5380
39,木村 雄太,48,男,飲食店,茨城県,36.9289,140.34533,4620000,0,5,10324
40,高橋 芽依,39,女,ITエンジニア,茨城県,36.26801,140.16666,9650000,1,5,34141
41,後藤 美穂,47,女,会社員,千葉県,35.52602,140.11239,3500000,0,5,13181
42,加藤 桜,35,女,販売員,東京都23区,35.80521,139.91543,2920000,0,4,12652
43,山田 大翔,68,男,退職,埼玉県,36.09276,139.13678,2030000,0,2,1040
44,木村 浩二,55,男,公務員,東京都23区,35.62968,139.82657,3940000,0,5,19219
45,松本 翼,25,男,主婦・主夫,茨城県,36.64664,140.82994,850000,0,2,26500
46,鈴木 麻衣,35,女,主婦・主夫,埼玉県,36.04687,139.4482,1230000,0,2,13200
47,後藤 智子,54,女,会社員,神奈川県,35.24456,139.43276,4560000,0,5,14036
48,藤田 節子,30,女,主婦・主夫,埼玉県,36.18786,139.13793,1780000,0,4,27970
49,山口 京子,26,女,主婦・主夫,東京都23区,35.78394,139.59877,1130000,0,2,8268
50,長谷川 雄太,34,男,ITエンジニア,神奈川県,35.63381,139.14136,8680000,1,7,46971
51,山口 拓海,78,男,退職,神奈川県,35.55689,139.1778,1990000,0,2,7190
52,山田 正樹,77,男,退職,千葉県,35.83706,140.23946,2410000,0,2,21691
53,山崎 智也,33,男,会社員,茨城県,36.25432,140.61261,5950000,0,5,6775
54,伊藤 翼,37,男,会社員,東京都23区,35.75006,139.90957,6300000,0,5,28356
55,鈴木 芽依,28,女,販売員,神奈川県,35.32293,139.61336,2180000,0,4,31323
56,山口 翔,37,男,看護師,神奈川県,35.30355,139.47993,4160000,0,5,28626
57,吉田 芽依,72,女,退職,茨城県,36.86175,139.93813,2900000,0,2,10526
58,松本 正樹,41,男,会社員,千葉県,35.74331,139.974,6300000,0,7,18659
59,清水 京子,47,女,工場勤務,東京都市部,35.57077,139.35084,4910000,0,5,19644
60,松本 雄太,51,男,公務員,東京都23区,35.79276,139.67707,6440000,0,4,14442
61,山田 誠,57,男,会社員,埼玉県,35.89934,139.6428,4830000,0,5,11435
62,山本 由美,42,女,ITエンジニア,埼玉県,36.00109,139.58452,9880000,1,7,20377
63,山口 翼,69,男,主婦・主夫,千葉県,35.42863,140.1137,1620000,0,2,5022
64,伊藤 桜,52,女,主婦・主夫,埼玉県,36.01958,139.43045,1940000,0,4,7617
65,佐々木 浩二,74,男,工場勤務,神奈川県,35.43101,139.66511,4420000,0,2,1980
66,藤田 美咲,62,女,会社員,千葉県,35.43328,140.34388,3370000,0,2,5774
67,伊藤 正樹,68,男,退職,神奈川県,35.44122,139.52973,2360000,0,2,1585
68,橋本 拓海,45,男,公務員,東京都23区,35.55439,139.84175,3620000,0,5,14335
69,小林 蓮,31,男,工場勤務,神奈川県,35.33205,139.12979,3740000,0,5,17656
70,山口 陽翔,27,男,会社員,東京都市部,35.60231,139.43607,1790000,0,4,19740
71,山田 京子,61,女,公務員,東京都23区,35.78491,139.68045,6010000,0,2,2180
72,山田 和也,18,男,大学生,東京都23区,35.59143,139.71647,800000,0,2,3401
73,後藤 拓海,68,男,退職,千葉県,35.94918,139.99012,1990000,0,2,4928
74,清水 凛,61,女,販売員,東京都23区,35.7634,139.55973,2960000,0,2,2365
75,田中 浩二,35,男,飲食店,東京都市部,35.79583,139.4687,3260000,0,5,20745
76,橋本 克彦,71,男,退職,東京都市部,35.69937,139.36595,1860000,0,2,6280
77,鈴木 樹,34,男,販売員,神奈川県,35.48222,139.29698,2530000,0,4,35176
78,清水 彩花,62,女,会社員,東京都市部,35.68061,139.27896,2940000,0,2,3051
79,森 理恵,48,女,販売員,東京都23区,35.65618,139.71918,2590000,0,4,12341
80,田中 和也,40,男,販売員,東京都23区,35.68615,139.83283,4180000,0,4,28784
81,吉田 浩二,23,男,公務員,神奈川県,35.47282,139.45054,3170000,0,5,35817
82,斎藤 理恵,58,女,主婦・主夫,東京都23区,35.67814,139.90782,1530000,0,4,7654
83,林 拓海,25,男,会社員,神奈川県,35.29175,139.44124,4150000,0,5,19072
84,山田 節子,52,女,会社員,東京都23区,35.81269,139.66012,5320000,0,6,32032
85,渡辺 颯太,72,男,主婦・主夫,千葉県,35.55782,140.15966,1120000,0,2,2580
86,石川 誠,21,男,大学生,群馬県,37.07791,138.62112,800000,0,2,7980
87,加藤 貴志,72,男,退職,栃木県,36.33089,140.1362,1070000,0,2,5280
88,石川 桜,72,女,退職,東京都23区,35.67391,139.64519,2270000,0,2,4975
89,森 葵,27,女,会社員,神奈川県,35.40103,139.28156,3040000,0,5,8267
90,藤田 悠人,62,男,会社員,神奈川県,35.64498,139.35406,5340000,0,2,1640
91,鈴木 千尋,29,女,会社員,神奈川県,35.27404,139.68105,6000000,0,5,27737
92,山口 結衣,20,女,パート,東京都市部,35.56785,139.54783,800000,0,2,10290
93,石川 翔,76,男,パート,茨城県,35.99629,140.71029,2160000,0,2,2440
94,鈴木 雄太,46,男,経営者・役員,千葉県,35.60154,140.38624,12920000,0,5,51346
95,山口 麻衣,22,女,大学生,栃木県,36.78969,139.87747,980000,0,2,9109
96,加藤 心春,50,女,主婦・主夫,東京都市部,35.66657,139.23521,1280000,0,2,3528
97,橋本 莉子,40,女,主婦・主夫,東京都23区,35.74564,139.62048,2000000,0,4,9643
98,加藤 彩,71,女,退職,千葉県,35.58798,140.01753,3210000,0,2,7353
99,井上 節子,35,女,会社員,東京都23区,35.62041,139.89586,5760000,0,6,23809
100,藤田 莉子,46,女,公務員,東京都23区,35.79013,139.91642,8040000,0,6,15069
101,藤田 心春,23,女,工場勤務,神奈川県,35.41953,139.1045,2960000,0,4,27680
102,後藤 雅人,34,男,会社員,群馬県,36.559,138.74049,4960000,0,5,49085
103,長谷川 彩_103,47,女,主婦・主夫,東京都23区,35.6926,139.56574,2350000,0,4,8212
104,高橋 京子,53,女,会社員,茨城県,36.59474,140.39056,3690000,0,5,26551
105,前田 大翔,75,男,工場勤務,群馬県,36.5906,138.89814,2390000,0,2,5235
106,林 陽翔,35,男,主婦・主夫,東京都23区,35.57357,139.70946,930000,0,2,10090
107,小林 芽依,73,女,工場勤務,神奈川県,35.26248,139.30477,2130000,0,2,1913
108,伊藤 和也,44,男,デザイナー,茨城県,36.56614,140.44439,3840000,1,5,22549
109,高橋 彩花,40,女,会社員,群馬県,36.27993,139.47467,8130000,0,6,66893
110,山崎 凛,43,女,販売員,栃木県,36.88795,139.84365,2750000,0,4,25253
111,斎藤 心春,75,女,退職,東京都23区,35.61986,139.73895,1530000,0,2,6815
112,佐藤 拓海,26,男,会社員,東京都市部,35.57733,139.44714,3890000,0,5,30459
113,小林 心春,73,女,退職,東京都23区,35.72747,139.69637,2980000,0,2,5695
114,前田 麻衣,47,女,販売員,神奈川県,35.37664,139.17768,4740000,0,5,16405
115,松本 克彦,44,男,会社員,東京都23区,35.72159,139.80657,6210000,0,6,13856
116,石川 雄太,48,男,看護師,東京都23区,35.70266,139.84448,5090000,0,4,5894
117,高橋 千尋,50,女,教員,東京都23区,35.66479,139.82232,4640000,0,5,16565
118,加藤 悦子,79,女,工場勤務,東京都23区,35.56603,139.6798,3550000,0,2,5990
119,高橋 綾,72,女,飲食店,東京都23区,35.63697,139.6416,1450000,0,2,5280
120,山口 悠人,48,男,会社員,千葉県,35.62507,140.3149,5940000,0,5,16982
121,山崎 誠,60,男,ITエンジニア,神奈川県,35.25591,139.6832,2930000,1,2,6325
122,松本 翔,72,男,退職,神奈川県,35.24104,139.16472,2000000,0,2,3380
123,松本 翼_123,65,男,パート,東京都23区,35.75883,139.82867,1630000,0,3,10116
124,加藤 義男,25,男,会社員,神奈川県,35.55598,139.26849,3470000,0,5,12148
125,山田 節子_125,66,女,飲食店,神奈川県,35.46727,139.45923,3670000,0,2,4990
126,高橋 麻衣,35,女,主婦・主夫,千葉県,35.81027,140.1465,1230000,0,2,6195
127,田中 陽菜,57,女,フリーランス,茨城県,35.9137,139.93621,3130000,1,4,10078
128,山崎 陽翔,61,男,工場勤務,東京都23区,35.79297,139.67395,4380000,0,2,3110
129,長谷川 義男,55,男,看護師,東京都23区,35.78299,139.64048,2810000,0,4,7160
130,高橋 智也,20,男,大学生,神奈川県,35.22067,139.37263,800000,0,2,6970
131,石川 莉子,73,女,退職,千葉県,35.44034,140.50268,3890000,0,2,3031
132,藤田 美穂,72,女,飲食店,神奈川県,35.51538,139.35329,4910000,0,2,24059
133,石川 悠人,62,男,会社員,東京都23区,35.60473,139.83858,6290000,0,2,2465
134,佐々木 雄太_134,64,男,ITエンジニア,東京都23区,35.64605,139.73998,5110000,1,2,700
135,渡辺 凛,31,女,公務員,埼玉県,36.05077,139.53674,6700000,0,5,31136
136,井上 彩花,53,女,公務員,栃木県,36.53373,139.74601,4700000,0,5,17436
137,中村 陽菜,78,女,パート,千葉県,35.56547,140.23116,1150000,0,2,2632
138,藤田 樹,72,男,退職,栃木県,36.34752,140.29639,2030000,0,3,9241
139,吉田 ハル,54,女,主婦・主夫,千葉県,35.93223,140.22949,820000,0,2,2938
140,伊藤 杏,22,女,大学生,東京都市部,35.57031,139.44068,800000,0,2,9600
141,斎藤 結愛,66,女,退職,神奈川県,35.5303,139.30027,1130000,0,2,5777
142,中村 心春,47,女,会社員,茨城県,35.9476,140.55897,6610000,0,6,9136
143,小林 颯太,48,男,会社員,茨城県,36.7176,140.42806,4890000,0,5,14599
144,林 杏,29,女,主婦・主夫,埼玉県,36.03507,139.42565,1020000,0,2,3070
145,佐々木 達也,18,男,大学生,埼玉県,36.03209,139.24976,800000,0,2,2078
146,石川 貴志,43,男,公務員,埼玉県,35.84347,139.62235,6020000,0,7,61901
147,伊藤 悠人,37,男,フリーランス,千葉県,35.65126,140.48032,3770000,1,5,40208
148,清水 貴志,59,男,フリーランス,神奈川県,35.37881,139.32177,5320000,1,5,10846
149,森 心春,50,女,主婦・主夫,茨城県,36.81568,140.11414,1280000,0,2,3688
150,藤田 拓海,37,男,ITエンジニア,神奈川県,35.51328,139.16679,6270000,1,6,13167
151,中村 結愛,70,女,工場勤務,東京都市部,35.6919,139.23019,1880000,0,2,2788
152,高橋 麻衣_152,55,女,会社員,群馬県,36.57458,139.17187,3810000,0,5,10944
153,池田 雅人,59,男,ITエンジニア,千葉県,35.35534,140.48806,9150000,1,5,11871
154,小林 雅人,54,男,会社員,茨城県,36.26165,140.49734,3390000,0,5,8553
155,池田 悦子,24,女,工場勤務,埼玉県,36.06592,139.64096,2090000,0,4,14606
156,森 由美,75,女,退職,東京都23区,35.57635,139.59734,3000000,0,2,3593
157,後藤 湊,45,男,デザイナー,埼玉県,36.17661,139.15341,6890000,1,7,50942
158,石川 凛,36,女,販売員,埼玉県,35.78198,139.30515,2810000,0,4,12230
159,高橋 結愛,75,女,退職,東京都23区,35.55111,139.82143,1940000,0,2,3737
160,木村 結衣,75,女,退職,栃木県,36.99021,139.31912,2160000,0,2,5180
161,森 葵_161,18,女,大学生,埼玉県,35.95505,139.38519,800000,0,2,2680
162,長谷川 悠人,60,男,ITエンジニア,千葉県,35.8489,140.53118,3600000,1,2,5180
163,山田 正樹_163,78,男,退職,栃木県,36.84769,139.75675,1840000,0,2,7180
164,池田 達也,56,男,フリーランス,千葉県,35.57357,140.08991,6070000,1,6,14187
165,井上 颯太,44,男,販売員,神奈川県,35.4751,139.62983,3450000,0,5,16002
166,山崎 美穂,54,女,会社員,神奈川県,35.50971,139.5204,9480000,0,6,33226
167,松本 陽翔,46,男,看護師,東京都23区,35.81194,139.56863,5450000,0,6,14337
168,藤田 芽依,44,女,主婦・主夫,埼玉県,36.15385,139.52175,2100000,0,4,5939
169,田中 健太,55,男,ITエンジニア,群馬県,36.39198,139.13078,7780000,1,4,6735
170,橋本 結愛,60,女,会社員,東京都23区,35.79077,139.71923,2840000,0,2,4430
171,松本 湊,65,男,退職,茨城県,36.40452,140.23466,1810000,0,2,6250
172,吉田 心春,39,女,会社員,東京都市部,35.73826,139.54309,4020000,0,5,21055
173,池田 麻衣,38,女,販売員,東京都23区,35.58924,139.79799,1790000,0,4,25727
174,吉田 節子,51,女,飲食店,千葉県,35.52258,140.31515,4010000,0,5,7910
175,佐々木 結愛,62,女,飲食店,埼玉県,36.10598,139.82322,4260000,0,2,5629
176,木村 大翔,61,男,経営者・役員,埼玉県,36.13412,139.32587,6010000,0,2,5280
177,清水 克彦,57,男,会社員,千葉県,35.6683,140.54764,8740000,0,6,9097
178,石川 智也_178,37,男,教員,神奈川県,35.41906,139.30158,5650000,0,4,7214
179,中村 彩,68,女,パート,千葉県,35.44225,140.17146,1200000,0,2,4055
180,松本 美穂,23,女,経営者・役員,東京都23区,35.80057,139.58927,4230000,0,5,41682
181,佐々木 智也,72,男,パート,群馬県,36.96714,139.30712,1000000,0,2,7935
182,山崎 智也_182,78,男,工場勤務,東京都23区,35.73116,139.7599,2630000,0,2,6134
183,佐藤 由美,37,女,主婦・主夫,東京都市部,35.67618,139.40805,2120000,0,4,10086
184,岡田 雅人,63,男,会社員,東京都23区,35.71379,139.86146,3370000,0,2,2698
185,高橋 和也,78,男,パート,神奈川県,35.49426,139.20107,1800000,0,2,3380
186,山田 大翔_186,61,男,会社員,群馬県,36.83592,139.0769,5830000,0,2,4107
187,長谷川 芽依,44,女,会社員,千葉県,35.69718,140.24911,7030000,0,6,32671
188,田中 達也,46,男,会社員,東京都23区,35.59249,139.77275,4330000,0,5,9958
189,加藤 陽翔,29,男,販売員,東京都23区,35.61973,139.61661,3200000,0,5,20988
190,山本 京子,29,女,会社員,千葉県,35.5556,140.16743,3170000,0,5,14763
191,池田 京子,69,女,飲食店,埼玉県,36.15883,139.50446,2640000,0,3,2723
192,斎藤 浩二,79,男,飲食店,茨城県,36.16159,140.72677,2250000,0,2,6340
193,加藤 貴志_193,39,男,会社員,東京都市部,35.74057,139.45934,6870000,0,5,14612
194,井上 克彦,46,男,看護師,埼玉県,36.06752,139.13904,6230000,0,5,37687
195,池田 大翔,54,男,ITエンジニア,東京都23区,35.68348,139.55396,7180000,1,6,16240
196,藤田 健太,38,男,会社員,千葉県,35.39117,139.91312,3510000,0,5,7175
197,石川 千尋,47,女,主婦・主夫,群馬県,36.97611,139.53841,1690000,0,4,8676
198,高橋 節子,66,女,工場勤務,神奈川県,35.20438,139.66588,2310000,0,3,8226
199,井上 克彦_199,46,男,会社員,東京都23区,35.61189,139.85893,3020000,0,5,14574
200,木村 智子,79,女,退職,東京都市部,35.61219,139.39337,4190000,0,2,2821
201,石川 翼,34,男,会社員,茨城県,36.05587,140.11285,4590000,0,5,18510
202,山崎 京子,67,女,退職,千葉県,35.79313,140.18109,2440000,0,2,2217
203,清水 悠人,32,男,販売員,神奈川県,35.3506,139.34545,3550000,0,5,27104
204,高橋 凛,48,女,公務員,東京都23区,35.59525,139.84886,5740000,0,7,20224
205,佐々木 葵,75,女,退職,神奈川県,35.27529,139.68086,2980000,0,2,888
206,森 翼,71,男,工場勤務,東京都市部,35.61927,139.28514,2190000,0,2,2528
207,加藤 智子_207,61,女,販売員,千葉県,35.87638,140.15448,3350000,0,2,5776
208,林 亮,39,男,経営者・役員,東京都23区,35.66622,139.65838,15880000,0,5,39732
209,小林 心春_209,64,女,デザイナー,東京都市部,35.75802,139.47926,3990000,1,2,3327
210,鈴木 拓海,27,男,公務員,東京都23区,35.60864,139.70549,4690000,0,5,14158
211,山本 理恵,38,女,会社員,千葉県,35.49938,140.38986,8570000,0,5,31324
212,田中 和也_212,50,男,販売員,茨城県,36.08957,139.96293,4290000,0,5,23291
213,林 綾,30,女,会社員,群馬県,36.85956,138.48407,5270000,0,6,21612
214,林 樹,25,男,公務員,東京都23区,35.60039,139.67864,3620000,0,5,38416
215,加藤 由美,30,女,公務員,埼玉県,35.91469,139.14751,4390000,0,5,18966
216,高橋 翔,30,男,公務員,茨城県,36.57371,140.37582,7550000,0,6,49869
217,中村 節子,76,女,退職,東京都23区,35.71657,139.74574,2490000,0,2,2369
218,清水 千尋,50,女,工場勤務,神奈川県,35.24685,139.63887,3460000,0,5,11091
219,木村 美咲,41,女,会社員,千葉県,35.90569,140.02786,3630000,0,5,21485
220,加藤 凛,67,女,退職,東京都23区,35.6743,139.60776,1510000,0,2,4233
221,後藤 芽依_221,60,女,会社員,千葉県,35.69577,139.90493,4020000,0,3,2488
222,加藤 美穂,52,女,会社員,東京都23区,35.74753,139.69537,4270000,0,5,42156
223,斎藤 陽翔,61,男,会社員,神奈川県,35.4571,139.48159,4640000,0,2,7888
224,田中 杏,61,女,工場勤務,東京都23区,35.56212,139.85272,4310000,0,3,8661
225,岡田 正樹,45,男,工場勤務,東京都23区,35.69753,139.82763,3910000,0,5,6721
226,池田 颯太,45,男,飲食店,東京都市部,35.58021,139.28822,2850000,0,4,11864
227,小林 和也,22,男,大学生,千葉県,35.36102,140.32902,800000,0,2,9690
228,林 湊,72,男,主婦・主夫,埼玉県,35.87552,139.28027,1790000,0,2,4340
229,山口 彩花,26,女,飲食店,東京都23区,35.56831,139.7472,1840000,0,4,10822
230,木村 克彦_230,31,男,工場勤務,埼玉県,35.87698,139.27414,3250000,0,5,25086
231,岡田 芽依,74,女,工場勤務,埼玉県,35.86519,139.25342,4220000,0,1,9990
232,橋本 結愛_232,79,女,退職,神奈川県,35.40322,139.66237,3140000,0,2,27242
233,林 湊_233,48,男,経営者・役員,埼玉県,36.15954,139.44768,22460000,0,5,36159
234,前田 浩二,71,男,退職,千葉県,35.42413,139.92992,3370000,0,2,1660
235,小林 翔,31,男,飲食店,神奈川県,35.33928,139.62267,2270000,0,4,9202
236,山田 蓮,53,男,公務員,茨城県,36.15592,140.47864,5880000,0,5,12527
237,佐々木 凛,32,女,デザイナー,埼玉県,36.11067,139.23306,8230000,1,7,27848
238,加藤 彩花,43,女,デザイナー,千葉県,35.72739,140.54103,4630000,1,5,7829
239,山口 彩花_239,58,女,主婦・主夫,東京都23区,35.62843,139.62162,1430000,0,2,2595
240,吉田 正樹,35,男,看護師,埼玉県,35.92337,139.6433,4720000,0,5,8825
241,高橋 美咲,48,女,会社員,神奈川県,35.45422,139.56117,3420000,0,5,11310
242,木村 誠,44,男,ITエンジニア,千葉県,35.5129,139.91076,6320000,1,7,40700
243,松本 美穂_243,32,女,フリーランス,神奈川県,35.54899,139.19744,2360000,1,4,7955
244,石川 千尋_244,28,女,会社員,東京都23区,35.75479,139.78637,3780000,0,5,16058
245,田中 和也_245,52,男,飲食店,東京都市部,35.61855,139.20636,4820000,0,5,8283
246,池田 雄太,64,男,会社員,千葉県,35.39713,140.49595,4510000,0,3,26548
247,石川 翼_247,37,男,飲食店,埼玉県,36.11129,139.7618,5770000,0,6,18303
248,山口 悦子,57,女,看護師,神奈川県,35.63825,139.361,3690000,0,5,9587
249,鈴木 陽翔,53,男,会社員,神奈川県,35.33862,139.37594,4510000,0,5,19570
250,長谷川 智子,58,女,公務員,埼玉県,35.91297,139.52771,5080000,0,6,14214
251,林 桜_251,70,女,退職,東京都市部,35.79115,139.5003,2760000,0,2,3353
252,前田 義男,31,男,会社員,神奈川県,35.39653,139.77335,7730000,0,5,54701
253,池田 凛,54,女,フリーランス,千葉県,35.51155,140.4986,5630000,1,6,16538
254,井上 雄太,22,男,大学生,東京都23区,35.7211,139.8453,800000,0,2,11002
255,木村 凛,74,女,退職,東京都23区,35.67775,139.61256,2330000,0,3,6020
256,渡辺 ハル,26,女,フリーランス,東京都23区,35.76128,139.63739,2820000,1,4,19070
257,佐々木 達也_257,32,男,会社員,千葉県,35.38151,140.17481,5610000,0,7,18118
258,山崎 悦子,39,女,会社員,群馬県,36.53179,139.68526,6950000,0,5,17886
259,鈴木 克彦,34,男,会社員,東京都23区,35.66104,139.74435,7100000,0,6,37549
260,小林 亮,72,男,退職,東京都23区,35.57993,139.61818,1560000,0,2,7811
261,山崎 葵,74,女,工場勤務,神奈川県,35.42127,139.73144,3490000,0,2,3360
262,山口 和也,48,男,販売員,東京都23区,35.73901,139.88471,5510000,0,6,15033
263,山本 樹,52,男,会社員,東京都23区,35.81919,139.78942,3860000,0,4,26557
264,林 雄太,58,男,販売員,東京都23区,35.74433,139.76939,3460000,0,5,14012
265,伊藤 雅人,54,男,販売員,栃木県,36.33135,139.44159,5380000,0,4,13144
266,林 湊_266,65,男,退職,東京都23区,35.64108,139.85928,1990000,0,2,2680
267,伊藤 凛,32,女,教員,栃木県,36.33459,139.39997,8890000,0,6,41614
268,山田 彩花,26,女,販売員,埼玉県,35.7958,139.235,1310000,0,2,8249
269,山口 健太,31,男,会社員,千葉県,35.76115,140.528,3300000,0,5,11608
270,田中 大翔,30,男,会社員,埼玉県,35.91691,139.24906,7010000,0,5,45018
271,松本 雄太_271,77,男,主婦・主夫,神奈川県,35.28737,139.34384,1070000,0,2,5510
272,後藤 芽依_272,72,女,退職,神奈川県,35.58799,139.24718,2240000,0,2,1542
273,山口 桜,21,女,大学生,神奈川県,35.37744,139.65061,800000,0,2,3867
274,高橋 美穂,64,女,会社員,茨城県,36.2959,140.63986,2340000,0,2,21965
275,山崎 節子,65,女,主婦・主夫,栃木県,36.73753,140.21,1040000,0,2,3844
276,木村 京子,59,女,フリーランス,東京都市部,35.80142,139.36632,4880000,1,5,29335
277,山本 浩二,60,男,フリーランス,東京都23区,35.65548,139.61616,4890000,1,2,6138
278,池田 浩二,45,男,会社員,栃木県,36.84797,139.71169,6420000,0,6,12746
279,伊藤 大翔,70,男,工場勤務,群馬県,36.71863,138.62511,4400000,0,2,10942
280,渡辺 陽菜,62,女,会社員,神奈川県,35.25467,139.11695,1770000,0,2,4663
281,中村 千尋,72,女,退職,栃木県,36.58788,139.41232,1960000,0,2,2359
282,山田 和也_282,61,男,教員,東京都23区,35.68818,139.62195,2830000,0,2,4138
283,加藤 理恵,28,女,看護師,神奈川県,35.27371,139.59504,3300000,0,5,11053
284,藤田 悦子,23,女,看護師,千葉県,35.43216,139.9802,1690000,0,4,17277
285,後藤 健太,47,男,看護師,埼玉県,35.8828,139.18952,4720000,0,5,7766
286,山崎 凛_286,66,女,工場勤務,東京都市部,35.56481,139.31363,1990000,0,2,8449
287,伊藤 颯太,57,男,飲食店,東京都市部,35.69964,139.3101,2570000,0,4,9554
288,松本 ハル,78,女,退職,栃木県,36.39908,139.43123,2380000,0,1,3990
289,木村 貴志,57,男,会社員,東京都23区,35.73652,139.84009,7370000,0,7,53372
290,橋本 克彦_290,69,男,パート,東京都23区,35.77838,139.89848,1600000,0,2,7098
291,佐々木 亮,78,男,退職,栃木県,37.08241,140.1513,2710000,0,2,9159
292,加藤 彩花_292,27,女,飲食店,東京都23区,35.62658,139.77214,3400000,0,5,27559
293,山本 ハル_293,28,女,ITエンジニア,東京都23区,35.6566,139.80716,5080000,1,7,35692
294,小林 達也,64,男,ITエンジニア,神奈川県,35.47142,139.37502,4500000,1,2,5760
295,吉田 智也,42,男,販売員,東京都23区,35.57066,139.8281,1780000,0,4,11330
296,斎藤 正樹,38,男,会社員,千葉県,35.88082,139.9649,5830000,0,6,36439
297,吉田 美穂,53,女,公務員,群馬県,36.42048,138.43941,6550000,0,7,15454
298,佐藤 義男,59,男,飲食店,東京都23区,35.69537,139.56383,4250000,0,5,14340
299,加藤 彩_299,33,女,主婦・主夫,東京都市部,35.72215,139.31443,1550000,0,4,16240
300,吉田 桜,65,女,工場勤務,神奈川県,35.35629,139.15213,2220000,0,2,3370
301,木村 悠人,33,男,主婦・主夫,千葉県,35.63038,140.50601,1150000,0,2,8779
302,加藤 千尋,35,女,主婦・主夫,東京都23区,35.73545,139.63737,1460000,0,2,4495
303,山田 正樹_303,39,男,デザイナー,群馬県,36.58584,138.42787,4950000,1,5,7991
304,佐々木 杏,60,女,主婦・主夫,東京都23区,35.78883,139.63809,2320000,0,2,5340
305,佐藤 雅人,22,男,販売員,東京都市部,35.66866,139.43261,2130000,0,4,18770
306,長谷川 健太,66,男,主婦・主夫,栃木県,36.88246,139.83491,880000,0,2,5316
307,伊藤 心春,68,女,工場勤務,東京都23区,35.76045,139.73193,3440000,0,2,4680
308,石川 綾,60,女,会社員,東京都23区,35.60402,139.66305,2560000,0,2,3777
309,山崎 芽依,57,女,会社員,神奈川県,35.28185,139.69595,4180000,0,5,14308
310,山本 悠人,47,男,主婦・主夫,東京都23区,35.69198,139.83614,2070000,0,4,10137
311,渡辺 拓海,66,男,主婦・主夫,東京都23区,35.62835,139.64687,1460000,0,2,7390
312,清水 和也,22,男,大学生,群馬県,37.03932,139.75409,800000,0,2,10155
313,加藤 健太,77,男,主婦・主夫,神奈川県,35.26381,139.17945,1710000,0,1,3990
314,岡田 理恵,72,女,パート,東京都23区,35.56473,139.61776,1160000,0,2,4503
315,高橋 大翔,27,男,会社員,神奈川県,35.32276,139.70581,3210000,0,5,16315
316,鈴木 綾,44,女,会社員,神奈川県,35.51847,139.4263,5340000,0,5,11266
317,伊藤 和也_317,67,男,飲食店,東京都23区,35.80701,139.69111,4320000,0,2,2296
318,山口 智子,47,女,工場勤務,東京都市部,35.60596,139.34481,4110000,0,5,18837
319,山口 麻衣_319,33,女,ITエンジニア,東京都23区,35.67642,139.5793,10670000,1,7,51805
320,池田 麻衣_320,49,女,公務員,東京都23区,35.74994,139.72127,4060000,0,5,12193
321,橋本 ハル,30,女,工場勤務,茨城県,35.96696,140.38438,2970000,0,4,28337
322,後藤 智也,57,男,会社員,千葉県,35.46293,139.86877,6450000,0,7,21006
323,井上 孝雄,77,男,退職,東京都23区,35.6296,139.8569,3160000,0,2,2980
324,松本 義男,63,男,会社員,埼玉県,35.8925,139.58623,5670000,0,2,5547
325,加藤 義男_325,77,男,主婦・主夫,千葉県,35.92588,140.43316,940000,0,2,1561
326,山口 颯太,43,男,会社員,茨城県,36.24275,140.00861,5830000,0,5,17814
327,清水 葵,36,女,主婦・主夫,埼玉県,35.82374,139.13782,1790000,0,4,7504
328,佐藤 芽依,32,女,主婦・主夫,東京都23区,35.64821,139.85309,810000,0,2,5380
329,佐藤 義男_329,39,男,会社員,千葉県,35.59805,140.13652,5950000,0,5,11830
330,池田 智也,24,男,フリーランス,群馬県,37.08005,139.5187,3040000,1,5,48709
331,佐々木 杏_331,41,女,ITエンジニア,埼玉県,35.9657,139.35894,7010000,1,7,64292
332,山田 彩,37,女,会社員,埼玉県,35.88136,139.68062,8130000,0,5,34871
333,木村 杏,79,女,パート,埼玉県,36.00398,139.54666,1030000,0,2,5964
334,井上 雅人,63,男,会社員,神奈川県,35.36618,139.45785,4980000,0,2,1316
335,田中 葵,61,女,販売員,神奈川県,35.51251,139.40969,2890000,0,2,3940
336,後藤 結愛,35,女,会社員,茨城県,36.82796,140.06558,4430000,0,5,31879
337,鈴木 莉子,64,女,経営者・役員,埼玉県,35.84257,139.6459,6150000,0,2,2780
338,田中 莉子,67,女,飲食店,埼玉県,36.02228,139.13966,2330000,0,2,23395
339,林 樹_339,69,男,退職,神奈川県,35.62023,139.33117,1740000,0,2,22418
340,清水 貴志_340,20,男,パート,東京都23区,35.79111,139.64544,800000,0,2,27600
341,山崎 浩二,23,男,フリーランス,東京都23区,35.81014,139.79979,2330000,1,4,14520
342,佐々木 翼,49,男,会社員,東京都市部,35.82218,139.1802,3180000,0,5,14474
343,小林 芽依_343,61,女,パート,茨城県,36.08194,140.35482,1520000,0,2,3849
344,林 陽菜,25,女,会社員,埼玉県,36.07253,139.46673,4330000,0,5,17560
345,前田 義男_345,65,男,主婦・主夫,東京都23区,35.55253,139.82496,1000000,0,2,5480
346,高橋 貴志,50,男,ITエンジニア,埼玉県,35.98748,139.51384,4620000,1,5,9108
347,田中 莉子_347,59,女,デザイナー,茨城県,35.85215,140.27711,4080000,1,5,9313
348,伊藤 拓海,78,男,飲食店,埼玉県,35.79066,139.65308,2920000,0,2,8980
349,田中 陽翔,35,男,主婦・主夫,茨城県,36.7538,140.36968,1230000,0,2,4994
350,清水 正樹,24,男,会社員,埼玉県,36.01489,139.32119,2440000,0,4,10656
351,橋本 克彦_351,22,男,大学生,東京都23区,35.7107,139.57499,800000,0,2,7890
352,木村 智也,75,男,パート,東京都市部,35.64601,139.31647,1470000,0,2,4875
353,佐藤 綾,63,女,会社員,埼玉県,36.18449,139.56208,5580000,0,2,21951
354,鈴木 翔,43,男,会社員,東京都23区,35.5581,139.59262,7330000,0,6,36808
355,木村 ハル,32,女,会社員,埼玉県,35.93915,139.69056,5850000,0,6,36430
356,山崎 彩,33,女,会社員,栃木県,36.94862,139.88733,3260000,0,5,36313
357,斎藤 和也,22,男,パート,千葉県,35.57456,140.21322,890000,0,2,13670
358,松本 浩二,36,男,フリーランス,神奈川県,35.44775,139.19134,2330000,1,4,7371
359,山本 正樹,35,男,会社員,茨城県,36.41407,140.49365,5450000,0,6,15875
360,石川 美咲,78,女,飲食店,千葉県,35.59229,140.13403,2360000,0,3,4130
361,橋本 陽菜,67,女,主婦・主夫,東京都23区,35.75794,139.80824,1070000,0,2,5542
362,佐々木 和也,64,男,販売員,東京都23区,35.81386,139.91788,2380000,0,2,2480
363,松本 結愛,25,女,会社員,茨城県,36.5137,139.87684,4350000,0,5,7272
364,斎藤 悠人,28,男,会社員,東京都23区,35.60553,139.70991,6410000,0,4,24910
365,前田 結衣,54,女,販売員,埼玉県,36.08966,139.31593,4850000,0,5,16748
366,井上 亮,60,男,主婦・主夫,東京都市部,35.72586,139.288,1240000,0,2,4753
367,渡辺 拓海_367,39,男,会社員,埼玉県,36.06376,139.44643,6420000,0,7,13880
368,渡辺 千尋,48,女,主婦・主夫,東京都23区,35.62942,139.74782,1770000,0,4,14436
369,佐藤 拓海_369,55,男,会社員,東京都23区,35.55126,139.83579,3300000,0,5,12271
370,吉田 樹,56,男,看護師,埼玉県,36.04236,139.80075,5870000,0,6,19092
371,山崎 義男,19,男,パート,神奈川県,35.64571,139.58452,1240000,0,2,8989
372,田中 誠,58,男,会社員,神奈川県,35.53382,139.44233,6970000,0,5,15346
373,加藤 陽菜,56,女,工場勤務,栃木県,36.92837,139.62869,5660000,0,5,12773
374,高橋 結衣,73,女,主婦・主夫,東京都23区,35.78486,139.57589,1040000,0,2,7747
375,山口 京子_375,36,女,会社員,埼玉県,36.18644,139.25105,7480000,0,6,42261
376,渡辺 心春,45,女,主婦・主夫,千葉県,35.50438,140.17456,1490000,0,2,2839
377,石川 孝雄,75,男,主婦・主夫,群馬県,36.17123,139.639,1240000,0,1,3042
378,清水 貴志_378,46,男,会社員,埼玉県,36.07294,139.584,6500000,0,7,11084
379,長谷川 杏,78,女,パート,東京都23区,35.66526,139.80598,1820000,0,1,1490
380,伊藤 心春_380,33,女,会社員,東京都23区,35.75891,139.7046,5690000,0,6,20715
381,斎藤 大翔,66,男,パート,神奈川県,35.48208,139.52461,2310000,0,2,4427
382,岡田 拓海,50,男,教員,群馬県,36.86136,139.70498,8920000,0,6,24297
383,森 莉子,28,女,看護師,茨城県,36.86754,139.87568,4440000,0,5,72977
384,井上 莉子,42,女,主婦・主夫,東京都23区,35.68082,139.82351,1650000,0,4,26764
385,中村 悠人,78,男,退職,東京都23区,35.77474,139.91863,2050000,0,2,4007
386,池田 由美,75,女,退職,神奈川県,35.60388,139.18371,2250000,0,2,4520
387,渡辺 由美,44,女,教員,東京都23区,35.61996,139.65766,3840000,0,5,16372
388,加藤 芽依,75,女,退職,埼玉県,36.02813,139.17994,2490000,0,2,3079
389,後藤 孝雄,35,男,デザイナー,埼玉県,36.04505,139.26178,3050000,1,5,15536
390,加藤 麻衣,62,女,ITエンジニア,神奈川県,35.35183,139.56097,9280000,1,2,2490
391,斎藤 颯太,67,男,工場勤務,東京都23区,35.73791,139.6577,2390000,0,2,5280
392,佐々木 達也_392,71,男,退職,神奈川県,35.35232,139.395,2480000,0,2,3688
393,小林 義男,48,男,飲食店,東京都市部,35.5836,139.21058,3590000,0,5,16953
394,藤田 貴志,50,男,工場勤務,神奈川県,35.51533,139.36778,5460000,0,4,10730
395,山田 節子_395,60,女,主婦・主夫,東京都23区,35.58478,139.62631,1790000,0,2,6962
396,中村 結愛_396,74,女,退職,神奈川県,35.64371,139.33944,1430000,0,2,3616
397,小林 綾,55,女,会社員,埼玉県,35.84859,139.44205,5960000,0,7,19978
398,長谷川 拓海,41,男,ITエンジニア,東京都23区,35.62293,139.74664,4460000,1,5,12436
399,伊藤 拓海_399,65,男,退職,東京都市部,35.77998,139.36116,4470000,0,2,3331
400,池田 大翔_400,53,男,会社員,東京都23区,35.58412,139.69016,7560000,0,5,32105
401,橋本 誠,51,男,デザイナー,栃木県,36.64554,139.61274,10180000,1,6,58914
402,山田 芽依,63,女,デザイナー,東京都23区,35.55375,139.62037,3050000,1,3,12860
403,藤田 節子_403,34,女,会社員,東京都市部,35.58733,139.31072,5230000,0,7,47144
404,吉田 誠,58,男,会社員,茨城県,35.88897,140.31306,7820000,0,5,12000
405,松本 正樹_405,46,男,経営者・役員,東京都23区,35.75775,139.64255,13300000,0,5,6990
406,井上 正樹,31,男,会社員,東京都23区,35.72988,139.9009,3780000,0,5,23893
407,加藤 理恵_407,25,女,会社員,東京都市部,35.55382,139.43324,2800000,0,4,11479
408,山崎 美咲,27,女,会社員,千葉県,35.83597,140.3408,3920000,0,5,25224
409,池田 彩花,21,女,パート,群馬県,36.32178,138.99651,800000,0,2,4969
410,橋本 智子,37,女,会社員,東京都市部,35.63522,139.21585,6410000,0,7,15051
411,石川 悠人_411,59,男,販売員,栃木県,36.8562,139.49043,3790000,0,5,24122
412,池田 美咲,64,女,主婦・主夫,栃木県,36.35755,139.719,800000,0,2,5028
413,前田 浩二_413,45,男,工場勤務,神奈川県,35.55072,139.37258,4530000,0,4,4587
414,山本 智也,51,男,教員,栃木県,36.53609,139.43297,5310000,0,7,32930
415,石川 貴志_415,29,男,パート,埼玉県,35.78437,139.36661,1150000,0,2,8590
416,伊藤 雄太,53,男,会社員,千葉県,35.44338,140.01221,3280000,0,5,10034
417,田中 美穂,33,女,会社員,東京都23区,35.66513,139.71836,4910000,0,5,7029
418,斎藤 雄太,67,男,退職,群馬県,36.20634,139.43058,4700000,0,2,22137
419,佐々木 正樹,22,男,大学生,茨城県,36.00602,140.76217,800000,0,2,2899
420,岡田 正樹_420,75,男,主婦・主夫,東京都23区,35.5617,139.60591,800000,0,2,3884
421,山口 杏,71,女,パート,群馬県,36.87778,138.60522,1710000,0,2,5197
422,高橋 悦子,48,女,ITエンジニア,栃木県,36.62571,139.84934,12450000,1,8,13778
423,長谷川 彩花,75,女,パート,栃木県,36.35064,139.64935,1680000,0,2,1865
424,佐藤 悦子,40,女,教員,埼玉県,35.98027,139.54544,7090000,0,6,17545
425,岡田 千尋,63,女,デザイナー,東京都市部,35.59365,139.50603,3230000,1,2,3026
426,松本 理恵,30,女,パート,埼玉県,35.87194,139.23777,2080000,0,4,7664
427,中村 彩_427,22,女,大学生,東京都23区,35.59395,139.58939,800000,0,2,3185
428,橋本 浩二,27,男,会社員,東京都23区,35.753,139.8185,3380000,0,5,49645
429,清水 雅人,33,男,販売員,群馬県,36.33157,138.70191,2620000,0,4,24694
430,後藤 麻衣,70,女,退職,埼玉県,35.8115,139.2143,1840000,0,1,2964
431,井上 蓮,37,男,会社員,千葉県,35.62644,140.5403,4460000,0,5,8830
432,藤田 節子_432,49,女,公務員,東京都23区,35.78639,139.80255,5450000,0,7,19458
433,吉田 克彦,28,男,教員,千葉県,35.41547,139.97619,5020000,0,7,44747
434,森 亮,46,男,会社員,栃木県,36.60727,139.73011,4350000,0,5,10910
435,池田 亮,52,男,会社員,茨城県,36.32139,140.81337,2920000,0,4,10323
436,吉田 葵,23,女,会社員,千葉県,35.84514,140.36319,1980000,0,4,13408
437,佐藤 翼,59,男,会社員,群馬県,36.52018,139.16452,3780000,0,5,11687
438,山口 和也_438,58,男,会社員,群馬県,36.43583,139.69689,6120000,0,5,10005
439,後藤 亮,25,男,会社員,栃木県,36.38812,140.04994,3330000,0,5,7644
440,前田 亮,43,男,ITエンジニア,東京都23区,35.65115,139.63286,6790000,1,6,34816
441,山崎 和也,62,男,主婦・主夫,群馬県,36.34183,139.76289,880000,0,2,6970
442,石川 貴志_442,69,男,退職,栃木県,37.01174,139.45905,1450000,0,2,9266
443,渡辺 雅人,57,男,飲食店,東京都23区,35.60233,139.86097,1630000,0,4,6023
444,森 彩花,27,女,会社員,茨城県,36.27988,140.34104,2710000,0,4,13172
445,木村 浩二_445,50,男,会社員,東京都市部,35.82858,139.402,7490000,0,4,31603
446,伊藤 悠人_446,26,男,公務員,埼玉県,35.90361,139.6589,5380000,0,5,26494
447,松本 樹,77,男,退職,埼玉県,35.8941,139.33906,3530000,0,2,3635
448,吉田 義男,78,男,飲食店,千葉県,35.56465,139.90085,3130000,0,2,4990
449,鈴木 理恵,50,女,フリーランス,栃木県,36.98631,139.97134,6320000,1,5,11391
450,吉田 雅人,44,男,会社員,東京都23区,35.67468,139.59849,5980000,0,6,18105
451,佐藤 美咲,68,女,主婦・主夫,千葉県,35.62275,140.44407,1320000,0,2,1680
452,前田 美穂,75,女,退職,東京都23区,35.7885,139.56594,3410000,0,2,2695
453,池田 凛_453,76,女,退職,神奈川県,35.30824,139.42499,1150000,0,2,6957
454,加藤 義男_454,21,男,大学生,東京都23区,35.57822,139.6272,800000,0,2,10090
455,伊藤 健太,48,男,会社員,東京都23区,35.63293,139.87184,5020000,0,7,25425
456,小林 浩二,46,男,公務員,東京都市部,35.56376,139.32153,5370000,0,5,14225
457,前田 悠人,51,男,会社員,東京都23区,35.71746,139.81485,8050000,0,5,38267
458,佐藤 結衣,63,女,主婦・主夫,埼玉県,35.84999,139.34912,1110000,0,2,3643
459,松本 達也,77,男,退職,埼玉県,36.19597,139.72652,2160000,0,2,3659
460,森 美咲,42,女,主婦・主夫,埼玉県,35.82736,139.61434,2580000,0,4,14708
461,山口 彩,40,女,主婦・主夫,埼玉県,36.15767,139.43695,2470000,0,4,17813
462,前田 誠,47,男,主婦・主夫,神奈川県,35.2676,139.75734,1090000,0,2,4359
463,長谷川 陽翔,20,男,パート,千葉県,35.6512,140.52097,990000,0,2,4343
464,山本 麻衣,40,女,主婦・主夫,神奈川県,35.59417,139.64698,1480000,0,2,7570
465,渡辺 ハル_465,52,女,デザイナー,東京都市部,35.64917,139.35262,4400000,1,5,11348
466,吉田 ハル_466,70,女,主婦・主夫,千葉県,35.87495,140.17215,1160000,0,2,4436
467,清水 心春,19,女,大学生,群馬県,36.2364,139.65307,800000,0,2,3630
468,後藤 莉子,25,女,教員,神奈川県,35.64221,139.65778,4670000,0,5,28514
469,加藤 雄太,53,男,会社員,東京都23区,35.70897,139.68592,8140000,0,5,8310
470,高橋 結衣_470,47,女,販売員,群馬県,36.45775,139.59818,3530000,0,5,12737
471,斎藤 貴志,38,男,デザイナー,神奈川県,35.63315,139.51197,7420000,1,7,71861
472,山口 凛,25,女,ITエンジニア,千葉県,35.90036,140.40692,4620000,1,5,24170
473,前田 桜,30,女,公務員,群馬県,36.67378,138.67963,5210000,0,7,33936
474,山田 翼,24,男,教員,千葉県,35.89659,140.29956,3530000,0,5,9213
475,伊藤 誠,67,男,退職,東京都23区,35.69595,139.55834,2270000,0,2,6340
476,藤田 杏,23,女,工場勤務,埼玉県,35.79356,139.41605,4780000,0,5,17195
477,中村 雅人,65,男,飲食店,神奈川県,35.53268,139.73197,2380000,0,2,1392
478,渡辺 葵,24,女,飲食店,千葉県,35.6815,139.8865,2570000,0,4,8237
479,加藤 蓮,51,男,工場勤務,千葉県,35.67173,139.88205,4630000,0,5,11167
480,後藤 雅人_480,55,男,経営者・役員,千葉県,35.88858,140.45113,14380000,0,6,79450
481,山崎 雄太,45,男,会社員,群馬県,36.33054,139.43867,8160000,0,5,34179
482,林 翼,70,男,退職,神奈川県,35.21999,139.2399,1180000,0,2,5990
483,林 千尋,23,女,教員,神奈川県,35.52815,139.60008,2400000,0,4,16980
484,森 健太,73,男,飲食店,東京都23区,35.61748,139.75084,3500000,0,2,5280
485,松本 樹_485,48,男,会社員,東京都市部,35.72857,139.38595,6650000,0,5,13042
486,佐藤 正樹,70,男,退職,神奈川県,35.3428,139.47632,2490000,0,2,3578
487,山崎 翼,19,男,大学生,茨城県,36.30757,140.49189,800000,0,2,10214
488,渡辺 和也,70,男,工場勤務,千葉県,35.82008,140.34899,2590000,0,3,9489
489,中村 智子,64,女,主婦・主夫,神奈川県,35.22314,139.42118,1190000,0,2,2445
490,石川 亮_490,40,男,看護師,埼玉県,35.96857,139.41414,8030000,0,5,16668
491,鈴木 彩花,28,女,主婦・主夫,茨城県,36.81405,139.86551,1360000,0,2,8615
492,山田 雄太,46,男,教員,茨城県,36.83819,140.44148,5990000,0,6,9945
493,加藤 達也,54,男,フリーランス,埼玉県,35.93535,139.58705,2990000,1,4,12381
494,伊藤 葵,42,女,主婦・主夫,茨城県,36.65408,140.28054,3460000,0,5,12834
495,佐藤 翼_495,37,男,会社員,茨城県,36.68035,139.87735,4390000,0,5,20878
496,橋本 芽依,35,女,主婦・主夫,神奈川県,35.23909,139.19304,2370000,0,4,13787
497,佐々木 大翔,35,男,経営者・役員,千葉県,35.54052,140.439,7230000,0,6,74208
498,斎藤 芽依,30,女,主婦・主夫,東京都23区,35.70059,139.62716,1490000,0,2,2196
499,伊藤 千尋,68,女,退職,東京都市部,35.6113,139.53628,3010000,0,3,11715
500,前田 千尋,68,女,退職,東京都23区,35.77977,139.70133,2720000,0,2,6969
501,吉田 智子,31,女,主婦・主夫,東京都23区,35.81143,139.77598,1640000,0,4,23165
502,木村 颯太,34,男,飲食店,神奈川県,35.38603,139.47601,3340000,0,4,7456
503,清水 美咲,63,女,会社員,千葉県,35.512,139.90944,3570000,0,3,5150
504,池田 智也_504,45,男,公務員,埼玉県,35.93816,139.42215,12010000,0,6,23864
505,井上 貴志,50,男,会社員,東京都市部,35.70768,139.41784,3830000,0,5,7141
506,林 達也,38,男,会社員,東京都市部,35.70829,139.33042,4380000,0,5,30220
507,井上 湊,25,男,工場勤務,東京都23区,35.752,139.61149,2900000,0,4,38389
508,松本 桜,74,女,退職,東京都23区,35.69128,139.62565,1590000,0,3,3756
509,山崎 智也_509,41,男,パート,東京都23区,35.7394,139.62373,1990000,0,4,25570
510,渡辺 浩二,47,男,ITエンジニア,埼玉県,35.86509,139.54448,11120000,1,5,36887
511,渡辺 浩二_511,58,男,会社員,東京都23区,35.60844,139.89393,2990000,0,4,28982
512,山口 節子,43,女,公務員,東京都23区,35.71345,139.62914,7260000,0,4,12442
513,佐藤 悦子_513,75,女,工場勤務,埼玉県,36.19912,139.80456,5360000,0,2,21030
514,松本 理恵_514,20,女,大学生,東京都市部,35.56602,139.39171,870000,0,2,5551
515,清水 杏_515,61,女,会社員,神奈川県,35.58061,139.13811,2810000,0,2,3180
516,小林 ハル,52,女,主婦・主夫,埼玉県,35.80728,139.71879,1030000,0,2,5066
517,佐藤 桜,44,女,会社員,栃木県,36.37494,140.21801,7270000,0,6,35562
518,加藤 彩_518,73,女,退職,東京都市部,35.62811,139.38906,1930000,0,2,7874
519,林 杏_519,65,女,退職,東京都23区,35.70355,139.91769,2460000,0,3,7508
520,井上 拓海,26,男,公務員,埼玉県,36.15854,139.34178,3470000,0,5,28066
521,石川 京子,59,女,教員,神奈川県,35.57534,139.27175,4300000,0,5,7444
522,石川 美咲_522,32,女,主婦・主夫,群馬県,36.85185,138.58185,1800000,0,4,10691
523,井上 正樹_523,36,男,工場勤務,東京都23区,35.69994,139.83698,4380000,0,5,17667
524,清水 結衣,76,女,パート,神奈川県,35.37723,139.14873,1760000,0,2,5370
525,伊藤 樹,26,男,会社員,東京都23区,35.6537,139.61655,2880000,0,4,18365
526,小林 杏,58,女,会社員,神奈川県,35.40461,139.43057,4470000,0,4,10784
527,松本 彩花_527,41,女,飲食店,神奈川県,35.50362,139.20226,5540000,0,4,15410
528,橋本 蓮,57,男,飲食店,東京都23区,35.62917,139.70431,3870000,0,4,9960
529,山崎 葵_529,43,女,会社員,茨城県,36.76841,140.58269,5660000,0,7,15826
530,中村 義男,23,男,販売員,神奈川県,35.25239,139.23032,2680000,0,4,14001
531,田中 大翔_531,59,男,会社員,東京都市部,35.55141,139.25664,4160000,0,4,4448
532,池田 結衣,48,女,会社員,東京都23区,35.64196,139.67816,3240000,0,5,8767
533,加藤 智也,34,男,会社員,東京都市部,35.73886,139.19094,4320000,0,5,15818
534,清水 健太,28,男,パート,東京都23区,35.75993,139.82175,1130000,0,2,5480
535,長谷川 葵,43,女,販売員,茨城県,36.3444,140.77391,5160000,0,6,27423
536,清水 綾,29,女,会社員,東京都23区,35.71465,139.61159,2720000,0,4,23268
537,田中 克彦,61,男,会社員,茨城県,36.07771,140.31118,5380000,0,2,2440
538,佐藤 千尋,63,女,パート,神奈川県,35.31701,139.58686,1550000,0,2,24340
539,前田 達也,48,男,会社員,東京都23区,35.62087,139.85533,7910000,0,7,13649
540,斎藤 翼,37,男,飲食店,東京都23区,35.62433,139.56323,2980000,0,4,50587
541,木村 和也,66,男,主婦・主夫,神奈川県,35.48654,139.11904,1020000,0,2,5500
542,小林 ハル_542,53,女,販売員,東京都23区,35.79223,139.55527,4200000,0,5,5858
543,高橋 結愛_543,69,女,退職,東京都市部,35.5592,139.41177,1570000,0,2,4810
544,鈴木 桜,73,女,退職,埼玉県,35.81837,139.24251,3210000,0,2,4972
545,山崎 悠人,30,男,公務員,東京都23区,35.70913,139.77137,8090000,0,5,19873
546,石川 樹,36,男,公務員,東京都23区,35.69369,139.67622,5020000,0,6,27007
547,長谷川 克彦,77,男,退職,茨城県,36.06296,139.95871,2400000,0,2,13112
548,加藤 拓海,31,男,看護師,神奈川県,35.52691,139.25553,3220000,0,5,19922
549,前田 和也,21,男,パート,群馬県,36.86705,138.42727,840000,0,2,2190
550,清水 貴志_550,26,男,工場勤務,群馬県,37.04671,139.49372,4250000,0,5,28601
551,林 京子,62,女,フリーランス,茨城県,36.81135,140.43981,3900000,1,2,5960
552,佐藤 美咲_552,62,女,教員,神奈川県,35.40736,139.32645,4980000,0,2,3280
553,田中 節子,21,女,販売員,茨城県,36.20978,140.38881,1270000,0,2,25890
554,池田 杏,30,女,教員,茨城県,36.66283,140.50044,5100000,0,6,36032
555,山本 美咲,47,女,工場勤務,千葉県,35.66942,140.30753,4600000,0,5,28856
556,岡田 雄太,50,男,会社員,東京都市部,35.6688,139.2803,5410000,0,6,9609
557,吉田 彩花,33,女,会社員,群馬県,36.6067,139.20962,5290000,0,5,5639
558,山崎 雅人,45,男,公務員,東京都市部,35.63679,139.20416,7230000,0,6,24216
559,伊藤 樹_559,30,男,会社員,千葉県,35.80737,139.89283,5650000,0,6,34649
560,渡辺 亮,26,男,会社員,茨城県,36.5341,139.87848,2830000,0,4,33390
561,吉田 莉子,71,女,退職,神奈川県,35.60416,139.39948,1990000,0,2,23263
562,森 誠,51,男,会社員,東京都23区,35.57559,139.69942,6450000,0,4,5064
563,伊藤 美穂,46,女,主婦・主夫,東京都23区,35.79462,139.69246,1470000,0,2,4584
564,後藤 理恵,53,女,販売員,千葉県,35.74328,140.21014,3420000,0,5,9192
565,後藤 浩二,22,男,大学生,神奈川県,35.25001,139.47432,800000,0,2,2461
566,山田 結衣,66,女,主婦・主夫,茨城県,36.42755,140.65026,1040000,0,2,3783
567,小林 義男_567,51,男,主婦・主夫,栃木県,36.55202,140.20096,2960000,0,4,9437
568,中村 健太,41,男,会社員,群馬県,36.49124,138.62322,12390000,0,6,22452
569,石川 杏,40,女,飲食店,千葉県,35.70907,140.01253,4850000,0,5,36141
570,後藤 正樹,49,男,工場勤務,東京都市部,35.6964,139.21277,5640000,0,4,6785
571,石川 義男,78,男,退職,東京都23区,35.6463,139.55478,1430000,0,2,3848
572,橋本 結愛_572,18,女,パート,東京都23区,35.75629,139.68346,1200000,0,2,20384
573,山田 大翔_573,65,男,工場勤務,埼玉県,35.91816,139.31921,2110000,0,2,2812
574,藤田 芽依_574,34,女,飲食店,東京都市部,35.77833,139.49255,3060000,0,5,37390
575,石川 智也_575,33,男,ITエンジニア,茨城県,36.68025,140.80931,4610000,1,5,33226
576,高橋 由美,76,女,工場勤務,東京都23区,35.65401,139.86265,2680000,0,2,2550
577,山本 彩花,73,女,退職,千葉県,35.43723,140.05776,2200000,0,2,5541
578,中村 節子_578,37,女,会社員,栃木県,36.57213,139.65707,3080000,0,5,19297
579,伊藤 陽菜,32,女,ITエンジニア,埼玉県,36.19373,139.44896,9580000,1,7,32399
580,加藤 節子,55,女,会社員,東京都23区,35.71139,139.70941,5230000,0,6,14906
581,石川 結衣,50,女,会社員,千葉県,35.70247,140.39223,2280000,0,4,5551
582,山本 芽依,43,女,公務員,東京都23区,35.63402,139.61564,3560000,0,5,28710
583,山崎 克彦,52,男,会社員,群馬県,36.11258,138.8576,4900000,0,5,12136
584,前田 麻衣_584,41,女,フリーランス,東京都23区,35.77113,139.56123,5790000,1,7,19833
585,山本 美穂,57,女,主婦・主夫,神奈川県,35.37498,139.4046,1940000,0,4,8460
586,松本 悠人,64,男,教員,神奈川県,35.45879,139.46171,3760000,0,2,6828
587,山崎 由美,43,女,主婦・主夫,千葉県,35.76934,140.21929,2350000,0,4,10112
588,吉田 凛,24,女,教員,神奈川県,35.50651,139.13041,1650000,0,4,17753
589,小林 彩花_589,36,女,主婦・主夫,東京都市部,35.59958,139.32427,1370000,0,2,8871
590,松本 美咲,76,女,主婦・主夫,栃木県,36.99422,139.78822,970000,0,2,7825
591,高橋 節子_591,74,女,退職,千葉県,35.52088,140.05051,2750000,0,2,5586
592,山本 悠人_592,21,男,パート,埼玉県,35.96401,139.20707,890000,0,2,9192
593,木村 誠_593,70,男,工場勤務,東京都市部,35.56782,139.24807,4200000,0,2,5790
594,後藤 芽依_594,54,女,フリーランス,栃木県,36.88167,139.3059,4660000,1,5,9745
595,渡辺 誠,58,男,工場勤務,埼玉県,36.0373,139.35886,3770000,0,5,29423
596,松本 孝雄_596,24,男,会社員,茨城県,36.93624,139.97502,1560000,0,4,28970
597,田中 智也,64,男,フリーランス,埼玉県,36.03993,139.77527,3370000,1,2,2682
598,石川 美咲_598,34,女,ITエンジニア,栃木県,36.32026,139.50645,9120000,1,6,38171
599,吉田 智子_599,49,女,工場勤務,千葉県,35.87555,140.32333,2700000,0,4,11731
600,林 雅人,53,男,飲食店,埼玉県,36.15834,139.21401,3720000,0,3,25832
601,井上 莉子_601,61,女,販売員,神奈川県,35.54521,139.4986,3310000,0,2,3385
602,井上 陽菜,38,女,会社員,東京都23区,35.72124,139.65817,9660000,0,5,15963
603,林 結愛,20,女,大学生,東京都23区,35.63279,139.7161,800000,0,2,2580
604,小林 智也,76,男,退職,東京都市部,35.69352,139.54765,2080000,0,2,3480
605,前田 由美,70,女,退職,東京都23区,35.57009,139.68815,1580000,0,2,2749
606,池田 凛_606,71,女,飲食店,栃木県,36.45774,140.01825,4310000,0,2,6980
607,高橋 桜,64,女,会社員,東京都23区,35.5517,139.61506,2770000,0,2,5280
608,井上 智子,54,女,会社員,東京都23区,35.55189,139.87951,5270000,0,5,7814
609,井上 麻衣,57,女,主婦・主夫,東京都市部,35.7407,139.43093,2170000,0,4,4215
610,後藤 美咲,43,女,会社員,神奈川県,35.59091,139.41579,6790000,0,6,16341
611,清水 孝雄,31,男,会社員,神奈川県,35.3219,139.23447,2650000,0,4,23668
612,清水 彩花_612,27,女,工場勤務,神奈川県,35.29738,139.43354,3670000,0,5,24512
613,斎藤 拓海,45,男,公務員,東京都23区,35.63807,139.63637,8360000,0,5,17564
614,清水 孝雄_614,64,男,ITエンジニア,東京都23区,35.68796,139.58537,3880000,1,2,6363
615,長谷川 克彦_615,35,男,ITエンジニア,神奈川県,35.26575,139.28548,6240000,1,5,46030
616,渡辺 雄太,38,男,ITエンジニア,東京都23区,35.55683,139.7911,8580000,1,6,40991
617,吉田 美穂_617,46,女,会社員,東京都23区,35.56415,139.67082,8770000,0,6,15750
618,吉田 陽翔,22,男,パート,東京都23区,35.59092,139.74343,880000,0,2,4092
619,中村 大翔,66,男,飲食店,栃木県,36.52164,139.53927,3110000,0,2,3270
620,斎藤 智子,44,女,販売員,埼玉県,35.79685,139.54225,2940000,0,4,9541
621,木村 和也_621,43,男,会社員,埼玉県,35.92048,139.34529,4680000,0,5,12425
622,加藤 陽菜_622,62,女,ITエンジニア,東京都市部,35.56522,139.41166,8270000,1,2,26952
623,小林 翔_623,63,男,販売員,千葉県,35.75021,140.50648,2760000,0,2,5021
624,長谷川 桜,33,女,公務員,東京都市部,35.5598,139.22443,5060000,0,7,33058
625,井上 彩花_625,63,女,工場勤務,埼玉県,35.89343,139.62716,3550000,0,2,5604
626,斎藤 彩花,62,女,フリーランス,埼玉県,36.18454,139.24105,3770000,1,2,4980
627,加藤 湊,69,男,退職,神奈川県,35.44796,139.19907,2510000,0,2,10254
628,林 雅人_628,51,男,会社員,茨城県,36.0307,139.89276,3230000,0,5,7433
629,吉田 杏,40,女,飲食店,神奈川県,35.45896,139.27321,3580000,0,5,16700
630,井上 美咲,43,女,パート,東京都23区,35.73736,139.82873,2200000,0,4,17458
631,加藤 拓海_631,30,男,会社員,東京都23区,35.75954,139.57639,2730000,0,4,19462
632,森 理恵_632,21,女,大学生,神奈川県,35.55902,139.61198,800000,0,2,23914
633,渡辺 貴志,65,男,退職,東京都23区,35.81568,139.56271,2440000,0,2,4396
634,山口 葵,63,女,飲食店,東京都23区,35.68952,139.61435,2690000,0,2,4716
635,橋本 克彦_635,33,男,会社員,東京都市部,35.74125,139.49285,3100000,0,5,21322
636,長谷川 湊,64,男,公務員,神奈川県,35.22933,139.27869,4100000,0,2,1853
637,木村 莉子,24,女,工場勤務,東京都23区,35.56073,139.62491,2530000,0,4,8251
638,後藤 陽翔,46,男,公務員,神奈川県,35.48503,139.46815,5520000,0,4,14845
639,渡辺 達也,68,男,退職,茨城県,36.7087,139.87767,1300000,0,2,4955
640,山崎 由美_640,52,女,会社員,埼玉県,36.07588,139.68279,4100000,0,5,10185
641,小林 彩,59,女,工場勤務,埼玉県,36.02108,139.452,6390000,0,5,37084
642,山本 正樹_642,32,男,会社員,埼玉県,36.06127,139.24126,4300000,0,5,26522
643,渡辺 健太,36,男,ITエンジニア,茨城県,36.05139,140.49748,9390000,1,6,20140
644,井上 彩花_644,32,女,教員,東京都市部,35.70889,139.2537,8020000,0,5,44744
645,中村 大翔_645,52,男,会社員,千葉県,35.60396,139.87796,4330000,0,4,9700
646,井上 颯太_646,22,男,大学生,東京都23区,35.7164,139.90316,800000,0,2,10018
647,石川 和也,37,男,デザイナー,茨城県,36.34078,140.08218,5170000,1,5,20265
648,吉田 智子_648,40,女,工場勤務,神奈川県,35.51656,139.50865,5560000,0,5,13390
649,山田 健太,35,男,ITエンジニア,神奈川県,35.35533,139.35906,7560000,1,7,87392
650,後藤 亮_650,68,男,退職,東京都23区,35.73773,139.56852,3790000,0,2,4498
651,林 颯太,56,男,公務員,神奈川県,35.27557,139.11168,6380000,0,7,25215
652,藤田 智子,67,女,退職,神奈川県,35.22558,139.19177,2030000,0,2,2949
653,前田 克彦,21,男,大学生,神奈川県,35.42048,139.6129,800000,0,2,8586
654,佐藤 桜_654,72,女,工場勤務,東京都市部,35.71923,139.33259,2470000,0,2,21078
655,山崎 葵_655,35,女,主婦・主夫,東京都23区,35.65779,139.81377,1220000,0,2,30949
656,橋本 心春,52,女,飲食店,茨城県,35.92453,140.18145,8730000,0,5,13908
657,高橋 湊,42,男,会社員,神奈川県,35.25548,139.39811,7880000,0,5,37640
658,林 貴志,26,男,会社員,東京都市部,35.817,139.25196,3350000,0,5,22885
659,岡田 杏,46,女,販売員,東京都23区,35.67409,139.88278,3720000,0,5,12603
660,前田 彩,59,女,会社員,東京都市部,35.81318,139.29121,5990000,0,5,19195
661,山口 和也_661,64,男,工場勤務,神奈川県,35.34905,139.15517,2120000,0,3,25765
662,田中 凛,38,女,看護師,東京都23区,35.61567,139.84768,5150000,0,7,16280
663,吉田 颯太,30,男,会社員,東京都23区,35.8156,139.6857,3070000,0,5,28307
664,石川 心春,33,女,販売員,茨城県,35.92885,140.46274,3110000,0,5,35511
665,鈴木 陽翔_665,49,男,飲食店,千葉県,35.60078,140.50135,5370000,0,6,12497
666,井上 綾,37,女,工場勤務,東京都23区,35.72396,139.89875,3660000,0,5,20858
667,後藤 結衣,48,女,主婦・主夫,神奈川県,35.5671,139.60679,2090000,0,4,12058
668,石川 京子_668,39,女,会社員,東京都23区,35.55249,139.68347,5070000,0,6,29435
669,斎藤 雅人,54,男,ITエンジニア,千葉県,35.37366,140.5249,9440000,1,6,16906
670,中村 千尋_670,52,女,会社員,茨城県,36.74841,140.51843,4980000,0,5,26056
671,中村 美穂,24,女,主婦・主夫,埼玉県,35.90861,139.55018,800000,0,2,20560
672,長谷川 誠,58,男,会社員,埼玉県,36.06216,139.41168,5270000,0,4,17542
673,前田 凛,37,女,会社員,神奈川県,35.25465,139.62088,4700000,0,5,12812
674,石川 彩花,55,女,会社員,埼玉県,35.86155,139.84334,4320000,0,5,7805
675,山田 翔,23,男,販売員,栃木県,36.72022,140.07084,1070000,0,2,5010
676,前田 雅人,71,男,飲食店,埼玉県,35.97884,139.51519,1680000,0,2,3435
677,加藤 由美_677,27,女,パート,東京都市部,35.78793,139.54308,2810000,0,4,25045
678,高橋 心春,27,女,会社員,埼玉県,35.81311,139.13681,4760000,0,5,43758
679,田中 健太_679,21,男,大学生,千葉県,35.43213,139.91602,800000,0,2,8108
680,小林 悦子,71,女,飲食店,東京都23区,35.80847,139.86962,3070000,0,3,24376
681,田中 和也_681,52,男,パート,神奈川県,35.46025,139.28316,1670000,0,4,13032
682,池田 颯太_682,73,男,飲食店,千葉県,35.76044,139.94307,4590000,0,2,6338
683,井上 健太,43,男,教員,東京都市部,35.73567,139.49737,3440000,0,5,14674
684,山崎 大翔,64,男,公務員,東京都市部,35.66932,139.18509,4960000,0,2,18735
685,木村 麻衣,19,女,大学生,群馬県,36.65175,139.29864,1040000,0,2,5121
686,斎藤 由美,69,女,退職,埼玉県,36.19053,139.10253,3940000,0,2,3529
687,山口 節子_687,59,女,公務員,神奈川県,35.48108,139.70537,4150000,0,5,19093
688,山口 葵_688,49,女,会社員,神奈川県,35.26107,139.60186,3910000,0,5,8619
689,山本 彩花_689,39,女,ITエンジニア,千葉県,35.3765,140.3323,6240000,1,5,32464
690,伊藤 桜_690,62,女,飲食店,群馬県,36.6717,139.33422,3600000,0,3,2718
691,森 彩花_691,62,女,主婦・主夫,東京都市部,35.74229,139.23695,1310000,0,2,5397
692,清水 節子,67,女,退職,栃木県,36.80293,140.26189,2840000,0,2,1739
693,後藤 颯太,70,男,主婦・主夫,千葉県,35.62892,139.91372,1740000,0,2,2450
694,林 美咲,31,女,会社員,神奈川県,35.23338,139.46652,8420000,0,6,36429
695,石川 正樹,28,男,工場勤務,神奈川県,35.53198,139.31885,2580000,0,4,21616
696,山田 拓海,55,男,会社員,千葉県,35.67342,140.11008,6010000,0,5,16164
697,山口 千尋,54,女,会社員,神奈川県,35.54559,139.20239,6980000,0,5,18878
698,加藤 結衣,42,女,会社員,東京都23区,35.6615,139.84515,6550000,0,6,35907
699,長谷川 颯太,78,男,主婦・主夫,群馬県,36.87237,139.49006,1610000,0,3,11180
700,中村 美咲,37,女,ITエンジニア,茨城県,36.12392,140.04386,4910000,1,5,35487
701,後藤 蓮,37,男,会社員,神奈川県,35.52265,139.35041,3370000,0,5,36195
702,加藤 亮,60,男,ITエンジニア,神奈川県,35.28413,139.23034,5160000,1,2,5395
703,森 綾_703,26,女,販売員,東京都23区,35.81522,139.67267,2470000,0,4,18760
704,前田 颯太,44,男,会社員,東京都23区,35.58818,139.5878,5110000,0,5,13347
705,木村 亮,41,男,会社員,東京都23区,35.57075,139.58103,7440000,0,6,24450
706,小林 孝雄,24,男,会社員,東京都23区,35.71124,139.892,2700000,0,4,20770
707,井上 拓海_707,42,男,会社員,東京都市部,35.56986,139.22557,4780000,0,5,19256
708,林 彩花,79,女,工場勤務,東京都市部,35.57149,139.2744,3160000,0,2,1350
709,佐々木 ハル,70,女,飲食店,千葉県,35.60591,140.44258,2470000,0,2,2049
710,石川 節子,60,女,主婦・主夫,東京都23区,35.66604,139.75361,1190000,0,2,3270
711,山崎 智子,70,女,パート,千葉県,35.55557,140.0162,1520000,0,3,7685
712,石川 克彦,69,男,退職,東京都市部,35.6009,139.18584,1870000,0,2,7510
713,斎藤 芽依_713,54,女,経営者・役員,埼玉県,36.09966,139.74065,9880000,0,5,38303
714,鈴木 彩花_714,66,女,パート,千葉県,35.48382,140.39637,2240000,0,2,3961
715,渡辺 莉子,56,女,会社員,栃木県,36.91574,139.81999,7210000,0,7,60596
716,森 彩,71,女,パート,東京都23区,35.76724,139.84011,1070000,0,2,2077
717,林 美咲_717,65,女,退職,東京都23区,35.60138,139.74555,3140000,0,2,9890
718,木村 悠人_718,19,男,大学生,神奈川県,35.3758,139.70196,980000,0,2,11590
719,松本 綾,54,女,会社員,埼玉県,35.81073,139.6533,5450000,0,6,6434
720,前田 凛_720,48,女,公務員,茨城県,36.64862,140.61297,12360000,0,6,36044
721,長谷川 樹,52,男,経営者・役員,埼玉県,35.89038,139.82772,18760000,0,5,78895
722,山田 美穂,31,女,会社員,東京都23区,35.66391,139.85531,5580000,0,6,9942
723,佐々木 達也_723,75,男,パート,東京都市部,35.56204,139.48246,1810000,0,1,3990
724,斎藤 智也,71,男,工場勤務,茨城県,36.43987,140.03239,4170000,0,2,1120
725,斎藤 節子,66,女,退職,東京都23区,35.73401,139.66782,1830000,0,2,4080
726,山崎 翼_726,43,男,会社員,千葉県,35.56905,139.85158,5690000,0,5,19250
727,鈴木 智也,74,男,工場勤務,東京都23区,35.72585,139.89671,6760000,0,2,1230
728,池田 心春,50,女,会社員,千葉県,35.92084,140.33426,8790000,0,5,12633
729,佐々木 雄太_729,18,男,大学生,神奈川県,35.40605,139.65098,800000,0,2,4295
730,池田 美咲_730,35,女,会社員,神奈川県,35.43949,139.36144,2730000,0,4,21856
731,吉田 莉子_731,53,女,デザイナー,千葉県,35.57121,140.33685,4020000,1,5,10125
732,森 智也,62,男,会社員,神奈川県,35.26316,139.662,2760000,0,2,4330
733,伊藤 貴志,50,男,会社員,東京都23区,35.73374,139.67132,4380000,0,4,9449
734,吉田 翔,55,男,パート,神奈川県,35.36461,139.74711,1340000,0,2,4170
735,高橋 智子,78,女,飲食店,茨城県,36.85527,140.449,4140000,0,2,7155
736,小林 湊,26,男,フリーランス,茨城県,36.42698,140.08815,3790000,1,5,23250
737,石川 智子,55,女,販売員,埼玉県,36.03413,139.72618,4580000,0,5,12439
738,岡田 莉子,42,女,工場勤務,神奈川県,35.32579,139.68656,2900000,0,4,25599
739,前田 誠_739,39,男,主婦・主夫,栃木県,37.12249,140.11242,850000,0,2,5280
740,加藤 麻衣_740,71,女,パート,東京都市部,35.55946,139.25551,1480000,0,2,1979
741,長谷川 翼,73,男,パート,千葉県,35.78162,140.05487,1440000,0,2,2754
742,高橋 京子_742,65,女,工場勤務,東京都23区,35.77712,139.55262,3750000,0,2,6380
743,斎藤 結愛_743,45,女,会社員,東京都23区,35.64452,139.72178,7390000,0,6,19100
744,池田 孝雄,78,男,飲食店,千葉県,35.92621,140.30179,4950000,0,2,3380
745,岡田 樹,79,男,主婦・主夫,東京都23区,35.57722,139.70803,1400000,0,2,2060
746,後藤 健太_746,42,男,会社員,千葉県,35.64586,139.96309,5230000,0,4,14967
747,岡田 拓海_747,50,男,会社員,東京都23区,35.56497,139.6412,3710000,0,5,8977
748,森 雄太,55,男,会社員,東京都23区,35.60088,139.56393,4950000,0,4,8569
749,佐々木 雅人,46,男,教員,栃木県,36.97889,140.22255,4700000,0,5,10450
750,高橋 麻衣_750,73,女,退職,千葉県,35.73575,139.96724,2430000,0,2,1040
751,池田 雄太_751,71,男,退職,東京都23区,35.8112,139.60372,1750000,0,2,8920
752,山本 克彦,28,男,会社員,千葉県,35.61789,140.3561,3830000,0,5,23770
753,佐藤 悦子_753,57,女,会社員,千葉県,35.51923,139.92032,5360000,0,5,24005
754,石川 心春_754,52,女,公務員,千葉県,35.79159,139.85087,4100000,0,4,7126
755,山口 颯太_755,54,男,会社員,栃木県,36.48021,139.32704,10150000,0,6,25078
756,後藤 結衣_756,23,女,会社員,神奈川県,35.25849,139.68481,1840000,0,4,35278
757,加藤 彩花_757,58,女,飲食店,千葉県,35.62088,140.14623,4490000,0,4,23975
758,佐々木 健太,45,男,教員,神奈川県,35.21743,139.11812,6620000,0,5,11593
759,吉田 凛_759,46,女,主婦・主夫,東京都23区,35.64253,139.5725,1140000,0,2,6578
760,佐藤 悠人,33,男,飲食店,東京都23区,35.69356,139.74541,5130000,0,6,16766
761,鈴木 彩,77,女,退職,茨城県,36.33049,139.99891,2970000,0,2,9834
762,斎藤 義男,65,男,退職,東京都23区,35.75224,139.6472,1120000,0,2,3940
763,高橋 桜_763,22,女,大学生,埼玉県,36.05157,139.54845,800000,0,2,21732
764,池田 京子_764,28,女,会社員,神奈川県,35.45696,139.2688,1720000,0,4,17250
765,藤田 結衣,72,女,退職,群馬県,36.23957,138.70008,2250000,0,2,11980
766,田中 凛_766,78,女,退職,千葉県,35.69294,140.26683,2250000,0,3,24809
767,斎藤 千尋,65,女,パート,茨城県,36.18453,139.98824,1230000,0,2,2510
768,伊藤 浩二,53,男,公務員,茨城県,36.26827,139.93513,9770000,0,6,58626
769,斎藤 彩花_769,63,女,パート,栃木県,36.70557,139.93539,1300000,0,2,3280
770,岡田 ハル,59,女,会社員,栃木県,36.79388,140.15899,4760000,0,5,21703
771,小林 節子,21,女,大学生,神奈川県,35.26883,139.32985,820000,0,2,8210
772,藤田 陽翔,44,男,会社員,神奈川県,35.2681,139.77152,2480000,0,4,7915
773,林 京子_773,72,女,パート,千葉県,35.41478,139.99934,2230000,0,2,3330
774,井上 杏,37,女,会社員,埼玉県,36.14668,139.62276,3780000,0,4,13940
775,中村 由美,59,女,主婦・主夫,東京都23区,35.65819,139.85833,1460000,0,2,4970
776,吉田 莉子_776,51,女,工場勤務,東京都市部,35.69188,139.38987,3780000,0,5,14727
777,山口 由美,38,女,会社員,東京都23区,35.67811,139.70632,1850000,0,4,6382
778,佐々木 正樹_778,53,男,会社員,東京都市部,35.58805,139.37623,3670000,0,5,15929
779,中村 桜,35,女,主婦・主夫,東京都市部,35.79225,139.36131,1760000,0,4,11908
780,池田 莉子,68,女,退職,千葉県,35.38252,140.12754,2440000,0,2,2588
781,藤田 健太_781,48,男,会社員,東京都市部,35.56885,139.19027,6950000,0,5,15373
782,岡田 陽菜,21,女,販売員,埼玉県,35.86227,139.15935,1080000,0,2,8691
783,鈴木 千尋_783,25,女,会社員,神奈川県,35.30296,139.61661,2820000,0,4,10370
784,山崎 智子_784,35,女,デザイナー,東京都23区,35.76517,139.91258,4630000,1,5,46830
785,山本 大翔,77,男,退職,千葉県,35.78858,140.19388,2510000,0,2,3348
786,鈴木 健太,69,男,工場勤務,千葉県,35.74303,139.89254,4230000,0,2,4652
787,松本 理恵_787,29,女,会社員,東京都23区,35.63251,139.56323,2540000,0,4,3123
788,佐藤 雅人_788,37,男,公務員,神奈川県,35.36273,139.14485,6040000,0,5,18247
789,吉田 理恵,47,女,フリーランス,千葉県,35.69074,140.14791,6590000,1,6,22837
790,松本 結衣,40,女,主婦・主夫,群馬県,36.81047,138.64504,2500000,0,4,7805
791,佐藤 結衣_791,72,女,退職,群馬県,36.61708,139.12056,2110000,0,2,9151
792,前田 凛_792,25,女,ITエンジニア,千葉県,35.63851,140.12036,4250000,1,5,8657
793,田中 結愛,45,女,会社員,千葉県,35.80986,140.23523,5000000,0,7,13585
794,山口 彩_794,24,女,主婦・主夫,神奈川県,35.23354,139.11329,1200000,0,2,4393
795,山田 節子_795,73,女,飲食店,神奈川県,35.34577,139.3712,3810000,0,2,4084
796,森 雅人,54,男,会社員,東京都23区,35.66703,139.75551,5010000,0,4,6266
797,藤田 樹_797,48,男,販売員,東京都23区,35.80468,139.5991,3800000,0,5,17676
798,佐々木 ハル_798,51,女,主婦・主夫,群馬県,36.21778,139.08132,1310000,0,2,4926
799,橋本 翼,41,男,会社員,東京都23区,35.80462,139.67368,7140000,0,5,18690
800,山崎 和也_800,67,男,退職,東京都23区,35.7848,139.73387,3200000,0,2,2270
801,伊藤 心春_801,72,女,パート,埼玉県,36.15272,139.76411,1160000,0,2,5687
802,松本 颯太,52,男,会社員,埼玉県,36.09628,139.14425,6210000,0,6,10117
803,山崎 陽翔_803,77,男,退職,東京都23区,35.55886,139.57623,3750000,0,2,5214
804,高橋 ハル,59,女,看護師,茨城県,36.22908,140.44518,4340000,0,5,6944
805,前田 孝雄,60,男,会社員,東京都23区,35.75916,139.79568,5290000,0,2,2330
806,木村 悠人_806,45,男,会社員,神奈川県,35.28719,139.47261,5090000,0,4,8751
807,伊藤 桜_807,41,女,会社員,東京都23区,35.7704,139.89299,3600000,0,5,19715
808,田中 ハル,40,女,デザイナー,埼玉県,36.15358,139.1748,4900000,1,5,12830
809,伊藤 雄太_809,30,男,販売員,栃木県,36.56786,140.21992,3730000,0,5,28180
810,清水 拓海,70,男,飲食店,東京都23区,35.7872,139.90765,3110000,0,3,9970
811,加藤 杏,52,女,工場勤務,東京都市部,35.55785,139.26532,3250000,0,5,14870
812,清水 樹,76,男,退職,東京都23区,35.63097,139.77697,2750000,0,2,4230
813,松本 達也_813,18,男,大学生,栃木県,36.31109,139.31922,800000,0,2,2192
814,伊藤 由美,26,女,飲食店,群馬県,36.47497,138.71504,2380000,0,4,17376
815,田中 陽翔_815,72,男,退職,東京都23区,35.70717,139.78226,2530000,0,2,11480
816,渡辺 克彦,19,男,パート,神奈川県,35.30934,139.203,800000,0,2,5990
817,森 樹,54,男,デザイナー,茨城県,35.9465,140.44342,1820000,1,4,10858
818,池田 結衣_818,48,女,デザイナー,東京都23区,35.76631,139.86149,8190000,1,10,61487
819,橋本 千尋,70,女,退職,神奈川県,35.54776,139.44213,1510000,0,2,2368
820,岡田 樹_820,24,男,会社員,埼玉県,35.8707,139.51062,1550000,0,4,17780
821,小林 達也_821,61,男,会社員,東京都23区,35.62953,139.59716,3770000,0,3,8782
822,渡辺 芽依,20,女,パート,千葉県,35.79087,139.93931,800000,0,2,2185
823,松本 千尋,31,女,看護師,茨城県,36.29787,140.24587,5710000,0,6,43648
824,木村 桜,56,女,会社員,群馬県,36.17403,138.81795,4210000,0,5,14075
825,佐々木 雄太_825,34,男,デザイナー,栃木県,36.65683,139.31399,5070000,1,7,43334
826,石川 悠人_826,53,男,会社員,千葉県,35.5303,139.87532,3350000,0,5,17828
827,小林 莉子,43,女,会社員,東京都市部,35.59112,139.26008,9460000,0,5,5939
828,小林 芽依_828,49,女,工場勤務,東京都23区,35.61483,139.66512,4290000,0,5,29848
829,森 京子,32,女,公務員,東京都23区,35.61629,139.90122,4220000,0,5,30177
830,山本 智子,44,女,販売員,千葉県,35.78233,140.54326,4010000,0,5,14482
831,加藤 浩二,40,男,フリーランス,東京都23区,35.59781,139.65565,3020000,1,5,20890
832,伊藤 和也_832,53,男,公務員,東京都23区,35.78493,139.65219,10120000,0,7,17997
833,森 陽菜,33,女,会社員,東京都市部,35.6365,139.44581,7920000,0,7,51523
834,岡田 浩二,30,男,工場勤務,埼玉県,35.9137,139.25684,2070000,0,4,11487
835,山本 千尋,30,女,看護師,東京都市部,35.75775,139.23461,4830000,0,5,36133
836,伊藤 杏_836,41,女,主婦・主夫,東京都市部,35.73174,139.42357,3250000,0,5,11438
837,池田 美咲_837,71,女,工場勤務,神奈川県,35.56276,139.57201,3250000,0,2,3522
838,石川 千尋_838,58,女,公務員,東京都市部,35.80011,139.42393,5200000,0,5,11675
839,伊藤 美穂_839,66,女,工場勤務,東京都23区,35.66524,139.73769,2160000,0,2,2282
840,池田 陽翔,40,男,会社員,茨城県,36.75599,140.40362,4410000,0,5,18670
841,山崎 颯太,41,男,工場勤務,東京都23区,35.60665,139.90885,4260000,0,5,9284
842,岡田 雅人_842,51,男,主婦・主夫,茨城県,36.52973,140.84306,1290000,0,2,2880
843,石川 美穂,45,女,会社員,埼玉県,35.87623,139.51917,8660000,0,5,14100
844,橋本 健太,62,男,会社員,東京都市部,35.6204,139.20691,3620000,0,2,6819
845,森 陽菜_845,64,女,工場勤務,神奈川県,35.42349,139.6473,2950000,0,3,9930
846,伊藤 彩花,19,女,パート,神奈川県,35.43939,139.54014,800000,0,2,9870
847,池田 心春_847,20,女,販売員,神奈川県,35.41382,139.47039,1060000,0,2,7268
848,斎藤 綾,79,女,工場勤務,東京都23区,35.5687,139.8616,3320000,0,1,12220
849,小林 由美,38,女,会社員,神奈川県,35.40256,139.31047,4280000,0,5,12200
850,池田 智子,62,女,工場勤務,東京都23区,35.72145,139.79053,4270000,0,2,2990
851,加藤 由美_851,35,女,工場勤務,栃木県,36.82765,139.85959,4330000,0,5,20438
852,岡田 彩,67,女,主婦・主夫,千葉県,35.49547,140.34398,1710000,0,2,5949
853,伊藤 颯太_853,43,男,工場勤務,千葉県,35.48112,140.25293,4830000,0,5,18219
854,鈴木 大翔,70,男,主婦・主夫,東京都市部,35.74873,139.33274,1410000,0,2,5004
855,山本 拓海_855,18,男,パート,東京都市部,35.58818,139.22248,800000,0,2,1682
856,山田 結愛,69,女,パート,東京都市部,35.62262,139.30108,1410000,0,2,9980
857,前田 智也,33,男,会社員,東京都23区,35.5791,139.66147,7500000,0,5,30661
858,山本 結愛,79,女,主婦・主夫,茨城県,36.5692,140.49663,1100000,0,2,5306
859,前田 芽依,69,女,主婦・主夫,東京都市部,35.67557,139.30461,1130000,0,2,2980
860,渡辺 達也_860,18,男,大学生,千葉県,35.7522,140.14944,800000,0,2,2340
861,加藤 千尋_861,19,女,パート,埼玉県,35.88849,139.46573,800000,0,2,9670
862,橋本 葵,26,女,ITエンジニア,神奈川県,35.39771,139.6975,5440000,1,7,34330
863,高橋 結衣_863,72,女,飲食店,東京都市部,35.70165,139.37862,1880000,0,2,7223
864,高橋 凛_864,62,女,主婦・主夫,東京都23区,35.61726,139.61942,1160000,0,2,5760
865,山田 颯太,79,男,パート,群馬県,36.17393,139.59708,1070000,0,2,5575
866,渡辺 葵_866,71,女,工場勤務,神奈川県,35.31454,139.24981,3880000,0,2,7161
867,長谷川 由美,30,女,主婦・主夫,東京都23区,35.62827,139.66176,1270000,0,2,3361
868,岡田 克彦,62,男,ITエンジニア,神奈川県,35.31582,139.57735,4430000,1,3,2040
869,高橋 拓海_869,50,男,フリーランス,東京都市部,35.57344,139.47952,8650000,1,6,38325
870,佐々木 陽翔_870,64,男,公務員,東京都23区,35.66032,139.85587,2760000,0,2,3480
871,高橋 翼,55,男,販売員,茨城県,36.09689,140.70554,4030000,0,5,7080
872,渡辺 莉子_872,48,女,パート,千葉県,35.41584,140.0787,2040000,0,4,2707
873,森 樹_873,69,男,退職,神奈川県,35.38078,139.7431,1660000,0,2,2190
874,後藤 颯太_874,23,男,会社員,千葉県,35.41766,140.36292,1990000,0,4,29373
875,鈴木 陽菜,60,女,販売員,東京都23区,35.74855,139.55736,2470000,0,2,12411
876,前田 ハル,27,女,会社員,神奈川県,35.30572,139.58265,3960000,0,5,35260
877,山口 杏_877,61,女,会社員,埼玉県,36.1536,139.76151,4830000,0,2,6043
878,中村 義男_878,68,男,退職,群馬県,36.20866,139.76241,2170000,0,2,2680
879,橋本 智子_879,60,女,会社員,栃木県,36.92584,140.00032,6030000,0,2,3282
880,山崎 芽依_880,66,女,退職,神奈川県,35.40729,139.44215,1570000,0,2,3000
881,斎藤 結衣,42,女,主婦・主夫,神奈川県,35.54367,139.51591,1470000,0,2,2032
882,佐々木 理恵,61,女,工場勤務,東京都23区,35.71668,139.70653,2090000,0,2,8831
883,吉田 悠人,74,男,飲食店,神奈川県,35.56123,139.64535,2370000,0,2,4330
884,佐々木 湊,52,男,会社員,神奈川県,35.37752,139.10674,3720000,0,5,17696
885,中村 ハル,67,女,退職,東京都23区,35.78686,139.76206,2020000,0,2,2740
886,岡田 克彦_886,73,男,パート,東京都23区,35.55017,139.56699,1090000,0,2,5280
887,岡田 綾,69,女,パート,東京都市部,35.67567,139.19916,2110000,0,2,3090
888,藤田 智子_888,20,女,大学生,埼玉県,35.79817,139.46296,800000,0,2,6211
889,佐藤 健太,72,男,主婦・主夫,東京都23区,35.80351,139.6169,1670000,0,2,7810
890,田中 樹,54,男,会社員,神奈川県,35.34064,139.43259,7270000,0,4,37942
891,池田 正樹,77,男,退職,東京都23区,35.81188,139.73302,2430000,0,2,11980
892,清水 陽翔,27,男,会社員,埼玉県,35.96842,139.14105,2540000,0,4,24381
893,吉田 大翔,74,男,退職,神奈川県,35.36038,139.30419,1680000,0,2,9474
894,前田 樹,66,男,退職,神奈川県,35.21685,139.42262,4490000,0,2,2980
895,森 達也,47,男,ITエンジニア,東京都23区,35.63841,139.63378,8410000,1,6,13996
896,岡田 由美,79,女,退職,東京都23区,35.65693,139.76743,2730000,0,2,6751
897,加藤 美穂_897,30,女,会社員,栃木県,36.90254,139.46373,4110000,0,5,42531
898,橋本 葵_898,58,女,教員,茨城県,36.82882,140.17859,3360000,0,5,13003
899,小林 由美_899,65,女,主婦・主夫,神奈川県,35.48768,139.71697,800000,0,2,2352
900,清水 理恵,53,女,会社員,東京都23区,35.6926,139.67644,5750000,0,5,37987
901,山田 凛,79,女,工場勤務,東京都23区,35.67636,139.56739,2060000,0,2,2980
902,林 美咲_902,70,女,退職,東京都23区,35.75099,139.59509,2510000,0,3,7308
903,岡田 拓海_903,22,男,大学生,東京都23区,35.68562,139.59552,800000,0,2,4392
904,石川 彩花_904,46,女,販売員,東京都23区,35.61534,139.77891,2680000,0,4,9490
905,井上 樹,54,男,会社員,茨城県,35.96139,140.14018,6390000,0,5,5971
906,吉田 雅人_906,19,男,大学生,東京都23区,35.74029,139.70252,800000,0,2,4596
907,山崎 彩_907,26,女,飲食店,東京都23区,35.81463,139.55306,2830000,0,4,9280
908,伊藤 浩二_908,79,男,退職,千葉県,35.86634,140.31149,1650000,0,1,1990
909,林 葵,73,女,退職,神奈川県,35.60174,139.19233,1630000,0,2,5872
910,山本 美穂_910,20,女,大学生,神奈川県,35.2925,139.41953,800000,0,2,11690
911,山崎 樹,75,男,退職,茨城県,36.91626,140.03629,2270000,0,2,5906
912,藤田 節子_912,27,女,会社員,埼玉県,36.13232,139.30408,5530000,0,6,30655
913,藤田 誠,53,男,工場勤務,埼玉県,35.84343,139.39233,6360000,0,6,40896
914,池田 雅人_914,30,男,ITエンジニア,神奈川県,35.39423,139.56753,8180000,1,7,48319
915,前田 貴志,41,男,会社員,神奈川県,35.44467,139.1212,10380000,0,6,53013
916,前田 健太,21,男,大学生,埼玉県,36.09216,139.45446,800000,0,2,12620
917,伊藤 翼_917,65,男,飲食店,東京都23区,35.61612,139.5699,3140000,0,2,5480
918,森 結衣,61,女,主婦・主夫,東京都市部,35.75773,139.34505,1160000,0,2,5001
919,田中 拓海,39,男,パート,東京都23区,35.80597,139.85605,1290000,0,2,2695
920,鈴木 陽菜_920,42,女,主婦・主夫,埼玉県,36.11229,139.78123,2050000,0,4,9672
921,岡田 桜,71,女,退職,埼玉県,36.01825,139.16432,1080000,0,2,6920
922,佐藤 結衣_922,37,女,会社員,東京都23区,35.61048,139.90722,5190000,0,6,32405
923,佐藤 京子,19,女,大学生,東京都23区,35.69811,139.68945,800000,0,2,8090
924,林 悦子,22,女,パート,埼玉県,36.12457,139.20415,800000,0,2,28923
925,岡田 颯太,78,男,パート,神奈川県,35.21828,139.11568,3390000,0,2,1120
926,佐藤 凛_926,29,女,公務員,千葉県,35.92771,140.06633,4040000,0,5,24090
927,石川 節子_927,39,女,会社員,神奈川県,35.39873,139.58696,4160000,0,5,10000
928,長谷川 智子_928,74,女,工場勤務,神奈川県,35.42536,139.14762,3540000,0,2,4459
929,斎藤 陽菜,30,女,飲食店,東京都23区,35.73933,139.58966,3590000,0,5,45535
930,渡辺 貴志_930,32,男,会社員,神奈川県,35.40623,139.12014,6680000,0,6,44520
931,山崎 結衣,43,女,教員,東京都市部,35.8176,139.4656,8970000,0,6,25035
932,林 彩花_932,71,女,主婦・主夫,千葉県,35.72555,139.99347,1700000,0,3,4575
933,高橋 克彦,56,男,パート,神奈川県,35.58129,139.57844,1190000,0,2,4218
934,井上 誠,67,男,退職,埼玉県,35.93187,139.12737,1750000,0,2,2299
935,佐々木 正樹_935,64,男,会社員,東京都23区,35.76347,139.71014,2080000,0,2,1993
936,木村 結衣_936,56,女,会社員,茨城県,36.32194,140.15672,6050000,0,5,12839
937,佐藤 颯太,24,男,会社員,東京都23区,35.5746,139.85162,3700000,0,5,16114
938,清水 克彦_938,36,男,工場勤務,群馬県,36.30264,138.48747,4790000,0,5,17192
939,渡辺 智子,25,女,販売員,東京都23区,35.77211,139.83191,2030000,0,4,14054
940,長谷川 結衣,58,女,会社員,東京都23区,35.60563,139.71189,5130000,0,4,21294
941,石川 貴志_941,63,男,公務員,神奈川県,35.44864,139.44815,4860000,0,2,3930
942,後藤 浩二_942,65,男,主婦・主夫,東京都23区,35.76553,139.7524,1820000,0,2,8980
943,森 正樹,30,男,会社員,群馬県,36.70246,139.46879,6430000,0,6,33627
944,藤田 雅人,41,男,会社員,東京都市部,35.59065,139.2069,6940000,0,5,6251
945,中村 蓮,31,男,ITエンジニア,神奈川県,35.29918,139.10695,8660000,1,7,62511
946,田中 彩,53,女,看護師,茨城県,36.52591,140.17999,5600000,0,5,12049
947,斎藤 翼_947,28,男,会社員,千葉県,35.89864,139.92782,2020000,0,4,10450
948,渡辺 蓮,59,男,会社員,千葉県,35.61108,140.3667,4640000,0,4,9940
949,加藤 凛_949,63,女,ITエンジニア,東京都23区,35.72944,139.57264,8230000,1,2,1360
950,渡辺 翔,52,男,工場勤務,東京都23区,35.67173,139.75535,3800000,0,3,11970
951,森 心春_951,34,女,看護師,神奈川県,35.26226,139.51054,2400000,0,4,8382
952,岡田 由美_952,32,女,主婦・主夫,東京都23区,35.6917,139.85867,1470000,0,2,9990
953,渡辺 結衣,21,女,パート,神奈川県,35.35255,139.27319,800000,0,2,4264
954,伊藤 結愛,61,女,会社員,茨城県,36.76315,140.50125,5750000,0,2,7180
955,前田 節子,19,女,パート,群馬県,36.10786,139.21832,1020000,0,2,12790
956,岡田 由美_956,21,女,パート,千葉県,35.90295,140.41436,800000,0,2,2836
957,佐々木 由美,41,女,主婦・主夫,神奈川県,35.45344,139.63211,3170000,0,5,23756
958,山田 雅人_958,29,男,販売員,群馬県,36.59326,139.15729,3320000,0,5,15901
959,後藤 智也_959,41,男,会社員,埼玉県,35.92948,139.25406,6380000,0,5,26083
960,加藤 大翔,72,男,飲食店,群馬県,36.94444,139.23303,2710000,0,2,5196
961,中村 拓海,36,男,会社員,東京都市部,35.56141,139.47955,8990000,0,8,59362
962,前田 智也_962,69,男,退職,東京都23区,35.78629,139.65898,1500000,0,2,2390
963,井上 美穂,36,女,会社員,千葉県,35.80081,140.12498,4560000,0,5,32355
964,田中 理恵,44,女,会社員,神奈川県,35.47996,139.64184,6530000,0,5,11607
965,橋本 智也,58,男,会社員,栃木県,36.89604,140.19036,8510000,0,5,11445
966,松本 理恵_966,41,女,公務員,千葉県,35.43374,140.25732,5730000,0,6,37065
967,石川 節子_967,30,女,会社員,千葉県,35.72697,140.32278,2650000,0,4,31201
968,鈴木 京子,72,女,パート,茨城県,36.88703,140.01593,1270000,0,2,5774
969,後藤 綾,43,女,販売員,神奈川県,35.27736,139.60297,2990000,0,4,11446
970,斎藤 健太,32,男,会社員,埼玉県,36.04696,139.226,5840000,0,7,60222
971,藤田 蓮,54,男,会社員,千葉県,35.6005,139.96917,6740000,0,4,8527
972,斎藤 芽依_972,19,女,大学生,東京都23区,35.75601,139.74934,800000,0,2,9593
973,佐藤 貴志,43,男,飲食店,神奈川県,35.57824,139.42232,4050000,0,5,36189
974,渡辺 桜,26,女,会社員,神奈川県,35.20559,139.73706,4110000,0,5,28689
975,小林 彩花_975,58,女,販売員,神奈川県,35.61336,139.12152,3820000,0,5,10635
976,伊藤 芽依,28,女,飲食店,東京都23区,35.59555,139.75733,3260000,0,5,35157
977,橋本 心春_977,20,女,パート,東京都市部,35.61311,139.49156,960000,0,2,8030
978,林 陽翔_978,42,男,主婦・主夫,東京都市部,35.63996,139.39829,1970000,0,4,13130
979,後藤 雄太,78,男,工場勤務,東京都23区,35.74649,139.58047,4290000,0,2,4563
980,藤田 葵,67,女,パート,神奈川県,35.47402,139.12282,1840000,0,2,5962
981,松本 莉子,38,女,教員,東京都市部,35.56022,139.44118,6360000,0,6,10075
982,木村 拓海,26,男,フリーランス,東京都市部,35.57276,139.18597,2230000,1,4,22089
983,渡辺 美咲,64,女,販売員,神奈川県,35.37991,139.60449,4290000,0,2,8208
984,岡田 陽菜_984,64,女,デザイナー,東京都23区,35.77651,139.83214,2700000,1,2,6385
985,山口 麻衣_985,66,女,退職,神奈川県,35.34529,139.70083,3460000,0,2,6930
986,山口 千尋_986,51,女,会社員,東京都市部,35.82708,139.40256,5830000,0,5,11936
987,橋本 凛,51,女,会社員,埼玉県,35.9953,139.68183,5290000,0,4,17312
988,斎藤 杏,42,女,ITエンジニア,埼玉県,36.09735,139.7772,6150000,1,6,13951
989,松本 結衣_989,22,女,大学生,東京都市部,35.67495,139.19773,800000,0,2,4352
990,松本 綾_990,37,女,会社員,東京都23区,35.58977,139.73783,7270000,0,6,61904
991,長谷川 彩花_991,72,女,主婦・主夫,東京都23区,35.70052,139.74624,820000,0,2,5043
992,加藤 結衣_992,56,女,公務員,神奈川県,35.20264,139.22148,3480000,0,4,4253
993,中村 美穂_993,36,女,会社員,神奈川県,35.57031,139.73025,4390000,0,5,40487
994,岡田 京子,62,女,会社員,東京都市部,35.81366,139.43148,2790000,0,2,1872
995,斎藤 麻衣_995,41,女,主婦・主夫,東京都23区,35.56038,139.6992,2890000,0,4,8384
996,山口 樹,20,男,大学生,埼玉県,35.8341,139.38787,800000,0,2,20729
997,佐藤 誠,64,男,会社員,埼玉県,35.98053,139.8294,2670000,0,2,5072
998,鈴木 雅人,51,男,会社員,千葉県,35.40078,140.54373,4350000,0,5,11688
999,林 理恵,61,女,主婦・主夫,千葉県,35.68841,140.00241,1490000,0,2,7280
